Series_reference,Period
BDCQ.SF1AA2CA,2016.06
BDCQ.SF1AA2CA,2016.09
BDCQ.SF1AA2CA,2016.12
BDCQ.SF1AA2CA,2017.03
BDCQ.SF1AA2CA,2017.06
BDCQ.SF1AA2CA,2017.09
BDCQ.SF1AA2CA,2017.12
BDCQ.SF1AA2CA,2018.03
BDCQ.SF1AA2CA,2018.06
BDCQ.SF1AA2CA,2018.09
BDCQ.SF1AA2CA,2018.12
BDCQ.SF1AA2CA,2019.03
BDCQ.SF1AA2CA,2019.06
BDCQ.SF1AA2CA,2019.09
BDCQ.SF1AA2CA,2019.12
BDCQ.SF1AA2CA,2020.03
BDCQ.SF1AA2CA,2020.06
BDCQ.SF1AA2CA,2020.09
BDCQ.SF1AA2CA,2020.12
BDCQ.SF1AA2CA,2021.03
BDCQ.SF1AA2CS,2016.06
BDCQ.SF1AA2CS,2016.09
BDCQ.SF1AA2CS,2016.12
BDCQ.SF1AA2CS,2017.03
BDCQ.SF1AA2CS,2017.06
BDCQ.SF1AA2CS,2017.09
BDCQ.SF1AA2CS,2017.12
BDCQ.SF1AA2CS,2018.03
BDCQ.SF1AA2CS,2018.06
BDCQ.SF1AA2CS,2018.09
BDCQ.SF1AA2CS,2018.12
BDCQ.SF1AA2CS,2019.03
BDCQ.SF1AA2CS,2019.06
BDCQ.SF1AA2CS,2019.09
BDCQ.SF1AA2CS,2019.12
BDCQ.SF1AA2CS,2020.03
BDCQ.SF1AA2CS,2020.06
BDCQ.SF1AA2CS,2020.09
BDCQ.SF1AA2CS,2020.12
BDCQ.SF1AA2CS,2021.03
BDCQ.SF1AA2CT,2016.06
BDCQ.SF1AA2CT,2016.09
BDCQ.SF1AA2CT,2016.12
BDCQ.SF1AA2CT,2017.03
BDCQ.SF1AA2CT,2017.06
BDCQ.SF1AA2CT,2017.09
BDCQ.SF1AA2CT,2017.12
BDCQ.SF1AA2CT,2018.03
BDCQ.SF1AA2CT,2018.06
BDCQ.SF1AA2CT,2018.09
BDCQ.SF1AA2CT,2018.12
BDCQ.SF1AA2CT,2019.03
BDCQ.SF1AA2CT,2019.06
BDCQ.SF1AA2CT,2019.09
BDCQ.SF1AA2CT,2019.12
BDCQ.SF1AA2CT,2020.03
BDCQ.SF1AA2CT,2020.06
BDCQ.SF1AA2CT,2020.09
BDCQ.SF1AA2CT,2020.12
BDCQ.SF1AA2CT,2021.03
BDCQ.SF1AA3CA,2016.06
BDCQ.SF1AA3CA,2016.09
BDCQ.SF1AA3CA,2016.12
BDCQ.SF1AA3CA,2017.03
BDCQ.SF1AA3CA,2017.06
BDCQ.SF1AA3CA,2017.09
BDCQ.SF1AA3CA,2017.12
BDCQ.SF1AA3CA,2018.03
BDCQ.SF1AA3CA,2018.06
BDCQ.SF1AA3CA,2018.09
BDCQ.SF1AA3CA,2018.12
BDCQ.SF1AA3CA,2019.03
BDCQ.SF1AA3CA,2019.06
BDCQ.SF1AA3CA,2019.09
BDCQ.SF1AA3CA,2019.12
BDCQ.SF1AA3CA,2020.03
BDCQ.SF1AA3CA,2020.06
BDCQ.SF1AA3CA,2020.09
BDCQ.SF1AA3CA,2020.12
BDCQ.SF1AA3CA,2021.03
BDCQ.SF1AA3CS,2016.06
BDCQ.SF1AA3CS,2016.09
BDCQ.SF1AA3CS,2016.12
BDCQ.SF1AA3CS,2017.03
BDCQ.SF1AA3CS,2017.06
BDCQ.SF1AA3CS,2017.09
BDCQ.SF1AA3CS,2017.12
BDCQ.SF1AA3CS,2018.03
BDCQ.SF1AA3CS,2018.06
BDCQ.SF1AA3CS,2018.09
BDCQ.SF1AA3CS,2018.12
BDCQ.SF1AA3CS,2019.03
BDCQ.SF1AA3CS,2019.06
BDCQ.SF1AA3CS,2019.09
BDCQ.SF1AA3CS,2019.12
BDCQ.SF1AA3CS,2020.03
BDCQ.SF1AA3CS,2020.06
BDCQ.SF1AA3CS,2020.09
BDCQ.SF1AA3CS,2020.12
BDCQ.SF1AA3CS,2021.03
BDCQ.SF1AA3CT,2016.06
BDCQ.SF1AA3CT,2016.09
BDCQ.SF1AA3CT,2016.12
BDCQ.SF1AA3CT,2017.03
BDCQ.SF1AA3CT,2017.06
BDCQ.SF1AA3CT,2017.09
BDCQ.SF1AA3CT,2017.12
BDCQ.SF1AA3CT,2018.03
BDCQ.SF1AA3CT,2018.06
BDCQ.SF1AA3CT,2018.09
BDCQ.SF1AA3CT,2018.12
BDCQ.SF1AA3CT,2019.03
BDCQ.SF1AA3CT,2019.06
BDCQ.SF1AA3CT,2019.09
BDCQ.SF1AA3CT,2019.12
BDCQ.SF1AA3CT,2020.03
BDCQ.SF1AA3CT,2020.06
BDCQ.SF1AA3CT,2020.09
BDCQ.SF1AA3CT,2020.12
BDCQ.SF1AA3CT,2021.03
BDCQ.SF1BB1CA,2016.06
BDCQ.SF1BB1CA,2016.09
BDCQ.SF1BB1CA,2016.12
BDCQ.SF1BB1CA,2017.03
BDCQ.SF1BB1CA,2017.06
BDCQ.SF1BB1CA,2017.09
BDCQ.SF1BB1CA,2017.12
BDCQ.SF1BB1CA,2018.03
BDCQ.SF1BB1CA,2018.06
BDCQ.SF1BB1CA,2018.09
BDCQ.SF1BB1CA,2018.12
BDCQ.SF1BB1CA,2019.03
BDCQ.SF1BB1CA,2019.06
BDCQ.SF1BB1CA,2019.09
BDCQ.SF1BB1CA,2019.12
BDCQ.SF1BB1CA,2020.03
BDCQ.SF1BB1CA,2020.06
BDCQ.SF1BB1CA,2020.09
BDCQ.SF1BB1CA,2020.12
BDCQ.SF1BB1CA,2021.03
BDCQ.SF1BB1CS,2016.06
BDCQ.SF1BB1CS,2016.09
BDCQ.SF1BB1CS,2016.12
BDCQ.SF1BB1CS,2017.03
BDCQ.SF1BB1CS,2017.06
BDCQ.SF1BB1CS,2017.09
BDCQ.SF1BB1CS,2017.12
BDCQ.SF1BB1CS,2018.03
BDCQ.SF1BB1CS,2018.06
BDCQ.SF1BB1CS,2018.09
BDCQ.SF1BB1CS,2018.12
BDCQ.SF1BB1CS,2019.03
BDCQ.SF1BB1CS,2019.06
BDCQ.SF1BB1CS,2019.09
BDCQ.SF1BB1CS,2019.12
BDCQ.SF1BB1CS,2020.03
BDCQ.SF1BB1CS,2020.06
BDCQ.SF1BB1CS,2020.09
BDCQ.SF1BB1CS,2020.12
BDCQ.SF1BB1CS,2021.03
BDCQ.SF1BB1CT,2016.06
BDCQ.SF1BB1CT,2016.09
BDCQ.SF1BB1CT,2016.12
BDCQ.SF1BB1CT,2017.03
BDCQ.SF1BB1CT,2017.06
BDCQ.SF1BB1CT,2017.09
BDCQ.SF1BB1CT,2017.12
BDCQ.SF1BB1CT,2018.03
BDCQ.SF1BB1CT,2018.06
BDCQ.SF1BB1CT,2018.09
BDCQ.SF1BB1CT,2018.12
BDCQ.SF1BB1CT,2019.03
BDCQ.SF1BB1CT,2019.06
BDCQ.SF1BB1CT,2019.09
BDCQ.SF1BB1CT,2019.12
BDCQ.SF1BB1CT,2020.03
BDCQ.SF1BB1CT,2020.06
BDCQ.SF1BB1CT,2020.09
BDCQ.SF1BB1CT,2020.12
BDCQ.SF1BB1CT,2021.03
BDCQ.SF1CC1CA,2016.06
BDCQ.SF1CC1CA,2016.09
BDCQ.SF1CC1CA,2016.12
BDCQ.SF1CC1CA,2017.03
BDCQ.SF1CC1CA,2017.06
BDCQ.SF1CC1CA,2017.09
BDCQ.SF1CC1CA,2017.12
BDCQ.SF1CC1CA,2018.03
BDCQ.SF1CC1CA,2018.06
BDCQ.SF1CC1CA,2018.09
BDCQ.SF1CC1CA,2018.12
BDCQ.SF1CC1CA,2019.03
BDCQ.SF1CC1CA,2019.06
BDCQ.SF1CC1CA,2019.09
BDCQ.SF1CC1CA,2019.12
BDCQ.SF1CC1CA,2020.03
BDCQ.SF1CC1CA,2020.06
BDCQ.SF1CC1CA,2020.09
BDCQ.SF1CC1CA,2020.12
BDCQ.SF1CC1CA,2021.03
BDCQ.SF1CC1CS,2016.06
BDCQ.SF1CC1CS,2016.09
BDCQ.SF1CC1CS,2016.12
BDCQ.SF1CC1CS,2017.03
BDCQ.SF1CC1CS,2017.06
BDCQ.SF1CC1CS,2017.09
BDCQ.SF1CC1CS,2017.12
BDCQ.SF1CC1CS,2018.03
BDCQ.SF1CC1CS,2018.06
BDCQ.SF1CC1CS,2018.09
BDCQ.SF1CC1CS,2018.12
BDCQ.SF1CC1CS,2019.03
BDCQ.SF1CC1CS,2019.06
BDCQ.SF1CC1CS,2019.09
BDCQ.SF1CC1CS,2019.12
BDCQ.SF1CC1CS,2020.03
BDCQ.SF1CC1CS,2020.06
BDCQ.SF1CC1CS,2020.09
BDCQ.SF1CC1CS,2020.12
BDCQ.SF1CC1CS,2021.03
BDCQ.SF1CC1CT,2016.06
BDCQ.SF1CC1CT,2016.09
BDCQ.SF1CC1CT,2016.12
BDCQ.SF1CC1CT,2017.03
BDCQ.SF1CC1CT,2017.06
BDCQ.SF1CC1CT,2017.09
BDCQ.SF1CC1CT,2017.12
BDCQ.SF1CC1CT,2018.03
BDCQ.SF1CC1CT,2018.06
BDCQ.SF1CC1CT,2018.09
BDCQ.SF1CC1CT,2018.12
BDCQ.SF1CC1CT,2019.03
BDCQ.SF1CC1CT,2019.06
BDCQ.SF1CC1CT,2019.09
BDCQ.SF1CC1CT,2019.12
BDCQ.SF1CC1CT,2020.03
BDCQ.SF1CC1CT,2020.06
BDCQ.SF1CC1CT,2020.09
BDCQ.SF1CC1CT,2020.12
BDCQ.SF1CC1CT,2021.03
BDCQ.SF1CC2CA,2016.06
BDCQ.SF1CC2CA,2016.09
BDCQ.SF1CC2CA,2016.12
BDCQ.SF1CC2CA,2017.03
BDCQ.SF1CC2CA,2017.06
BDCQ.SF1CC2CA,2017.09
BDCQ.SF1CC2CA,2017.12
BDCQ.SF1CC2CA,2018.03
BDCQ.SF1CC2CA,2018.06
BDCQ.SF1CC2CA,2018.09
BDCQ.SF1CC2CA,2018.12
BDCQ.SF1CC2CA,2019.03
BDCQ.SF1CC2CA,2019.06
BDCQ.SF1CC2CA,2019.09
BDCQ.SF1CC2CA,2019.12
BDCQ.SF1CC2CA,2020.03
BDCQ.SF1CC2CA,2020.06
BDCQ.SF1CC2CA,2020.09
BDCQ.SF1CC2CA,2020.12
BDCQ.SF1CC2CA,2021.03
BDCQ.SF1CC2CS,2016.06
BDCQ.SF1CC2CS,2016.09
BDCQ.SF1CC2CS,2016.12
BDCQ.SF1CC2CS,2017.03
BDCQ.SF1CC2CS,2017.06
BDCQ.SF1CC2CS,2017.09
BDCQ.SF1CC2CS,2017.12
BDCQ.SF1CC2CS,2018.03
BDCQ.SF1CC2CS,2018.06
BDCQ.SF1CC2CS,2018.09
BDCQ.SF1CC2CS,2018.12
BDCQ.SF1CC2CS,2019.03
BDCQ.SF1CC2CS,2019.06
BDCQ.SF1CC2CS,2019.09
BDCQ.SF1CC2CS,2019.12
BDCQ.SF1CC2CS,2020.03
BDCQ.SF1CC2CS,2020.06
BDCQ.SF1CC2CS,2020.09
BDCQ.SF1CC2CS,2020.12
BDCQ.SF1CC2CS,2021.03
BDCQ.SF1CC2CT,2016.06
BDCQ.SF1CC2CT,2016.09
BDCQ.SF1CC2CT,2016.12
BDCQ.SF1CC2CT,2017.03
BDCQ.SF1CC2CT,2017.06
BDCQ.SF1CC2CT,2017.09
BDCQ.SF1CC2CT,2017.12
BDCQ.SF1CC2CT,2018.03
BDCQ.SF1CC2CT,2018.06
BDCQ.SF1CC2CT,2018.09
BDCQ.SF1CC2CT,2018.12
BDCQ.SF1CC2CT,2019.03
BDCQ.SF1CC2CT,2019.06
BDCQ.SF1CC2CT,2019.09
BDCQ.SF1CC2CT,2019.12
BDCQ.SF1CC2CT,2020.03
BDCQ.SF1CC2CT,2020.06
BDCQ.SF1CC2CT,2020.09
BDCQ.SF1CC2CT,2020.12
BDCQ.SF1CC2CT,2021.03
BDCQ.SF1CC3CA,2016.06
BDCQ.SF1CC3CA,2016.09
BDCQ.SF1CC3CA,2016.12
BDCQ.SF1CC3CA,2017.03
BDCQ.SF1CC3CA,2017.06
BDCQ.SF1CC3CA,2017.09
BDCQ.SF1CC3CA,2017.12
BDCQ.SF1CC3CA,2018.03
BDCQ.SF1CC3CA,2018.06
BDCQ.SF1CC3CA,2018.09
BDCQ.SF1CC3CA,2018.12
BDCQ.SF1CC3CA,2019.03
BDCQ.SF1CC3CA,2019.06
BDCQ.SF1CC3CA,2019.09
BDCQ.SF1CC3CA,2019.12
BDCQ.SF1CC3CA,2020.03
BDCQ.SF1CC3CA,2020.06
BDCQ.SF1CC3CA,2020.09
BDCQ.SF1CC3CA,2020.12
BDCQ.SF1CC3CA,2021.03
BDCQ.SF1CC3CS,2016.06
BDCQ.SF1CC3CS,2016.09
BDCQ.SF1CC3CS,2016.12
BDCQ.SF1CC3CS,2017.03
BDCQ.SF1CC3CS,2017.06
BDCQ.SF1CC3CS,2017.09
BDCQ.SF1CC3CS,2017.12
BDCQ.SF1CC3CS,2018.03
BDCQ.SF1CC3CS,2018.06
BDCQ.SF1CC3CS,2018.09
BDCQ.SF1CC3CS,2018.12
BDCQ.SF1CC3CS,2019.03
BDCQ.SF1CC3CS,2019.06
BDCQ.SF1CC3CS,2019.09
BDCQ.SF1CC3CS,2019.12
BDCQ.SF1CC3CS,2020.03
BDCQ.SF1CC3CS,2020.06
BDCQ.SF1CC3CS,2020.09
BDCQ.SF1CC3CS,2020.12
BDCQ.SF1CC3CS,2021.03
BDCQ.SF1CC3CT,2016.06
BDCQ.SF1CC3CT,2016.09
BDCQ.SF1CC3CT,2016.12
BDCQ.SF1CC3CT,2017.03
BDCQ.SF1CC3CT,2017.06
BDCQ.SF1CC3CT,2017.09
BDCQ.SF1CC3CT,2017.12
BDCQ.SF1CC3CT,2018.03
BDCQ.SF1CC3CT,2018.06
BDCQ.SF1CC3CT,2018.09
BDCQ.SF1CC3CT,2018.12
BDCQ.SF1CC3CT,2019.03
BDCQ.SF1CC3CT,2019.06
BDCQ.SF1CC3CT,2019.09
BDCQ.SF1CC3CT,2019.12
BDCQ.SF1CC3CT,2020.03
BDCQ.SF1CC3CT,2020.06
BDCQ.SF1CC3CT,2020.09
BDCQ.SF1CC3CT,2020.12
BDCQ.SF1CC3CT,2021.03
BDCQ.SF1CC4CA,2016.06
BDCQ.SF1CC4CA,2016.09
BDCQ.SF1CC4CA,2016.12
BDCQ.SF1CC4CA,2017.03
BDCQ.SF1CC4CA,2017.06
BDCQ.SF1CC4CA,2017.09
BDCQ.SF1CC4CA,2017.12
BDCQ.SF1CC4CA,2018.03
BDCQ.SF1CC4CA,2018.06
BDCQ.SF1CC4CA,2018.09
BDCQ.SF1CC4CA,2018.12
BDCQ.SF1CC4CA,2019.03
BDCQ.SF1CC4CA,2019.06
BDCQ.SF1CC4CA,2019.09
BDCQ.SF1CC4CA,2019.12
BDCQ.SF1CC4CA,2020.03
BDCQ.SF1CC4CA,2020.06
BDCQ.SF1CC4CA,2020.09
BDCQ.SF1CC4CA,2020.12
BDCQ.SF1CC4CA,2021.03
BDCQ.SF1CC4CS,2016.06
BDCQ.SF1CC4CS,2016.09
BDCQ.SF1CC4CS,2016.12
BDCQ.SF1CC4CS,2017.03
BDCQ.SF1CC4CS,2017.06
BDCQ.SF1CC4CS,2017.09
BDCQ.SF1CC4CS,2017.12
BDCQ.SF1CC4CS,2018.03
BDCQ.SF1CC4CS,2018.06
BDCQ.SF1CC4CS,2018.09
BDCQ.SF1CC4CS,2018.12
BDCQ.SF1CC4CS,2019.03
BDCQ.SF1CC4CS,2019.06
BDCQ.SF1CC4CS,2019.09
BDCQ.SF1CC4CS,2019.12
BDCQ.SF1CC4CS,2020.03
BDCQ.SF1CC4CS,2020.06
BDCQ.SF1CC4CS,2020.09
BDCQ.SF1CC4CS,2020.12
BDCQ.SF1CC4CS,2021.03
BDCQ.SF1CC4CT,2016.06
BDCQ.SF1CC4CT,2016.09
BDCQ.SF1CC4CT,2016.12
BDCQ.SF1CC4CT,2017.03
BDCQ.SF1CC4CT,2017.06
BDCQ.SF1CC4CT,2017.09
BDCQ.SF1CC4CT,2017.12
BDCQ.SF1CC4CT,2018.03
BDCQ.SF1CC4CT,2018.06
BDCQ.SF1CC4CT,2018.09
BDCQ.SF1CC4CT,2018.12
BDCQ.SF1CC4CT,2019.03
BDCQ.SF1CC4CT,2019.06
BDCQ.SF1CC4CT,2019.09
BDCQ.SF1CC4CT,2019.12
BDCQ.SF1CC4CT,2020.03
BDCQ.SF1CC4CT,2020.06
BDCQ.SF1CC4CT,2020.09
BDCQ.SF1CC4CT,2020.12
BDCQ.SF1CC4CT,2021.03
BDCQ.SF1CC5CA,2016.06
BDCQ.SF1CC5CA,2016.09
BDCQ.SF1CC5CA,2016.12
BDCQ.SF1CC5CA,2017.03
BDCQ.SF1CC5CA,2017.06
BDCQ.SF1CC5CA,2017.09
BDCQ.SF1CC5CA,2017.12
BDCQ.SF1CC5CA,2018.03
BDCQ.SF1CC5CA,2018.06
BDCQ.SF1CC5CA,2018.09
BDCQ.SF1CC5CA,2018.12
BDCQ.SF1CC5CA,2019.03
BDCQ.SF1CC5CA,2019.06
BDCQ.SF1CC5CA,2019.09
BDCQ.SF1CC5CA,2019.12
BDCQ.SF1CC5CA,2020.03
BDCQ.SF1CC5CA,2020.06
BDCQ.SF1CC5CA,2020.09
BDCQ.SF1CC5CA,2020.12
BDCQ.SF1CC5CA,2021.03
BDCQ.SF1CC5CS,2016.06
BDCQ.SF1CC5CS,2016.09
BDCQ.SF1CC5CS,2016.12
BDCQ.SF1CC5CS,2017.03
BDCQ.SF1CC5CS,2017.06
BDCQ.SF1CC5CS,2017.09
BDCQ.SF1CC5CS,2017.12
BDCQ.SF1CC5CS,2018.03
BDCQ.SF1CC5CS,2018.06
BDCQ.SF1CC5CS,2018.09
BDCQ.SF1CC5CS,2018.12
BDCQ.SF1CC5CS,2019.03
BDCQ.SF1CC5CS,2019.06
BDCQ.SF1CC5CS,2019.09
BDCQ.SF1CC5CS,2019.12
BDCQ.SF1CC5CS,2020.03
BDCQ.SF1CC5CS,2020.06
BDCQ.SF1CC5CS,2020.09
BDCQ.SF1CC5CS,2020.12
BDCQ.SF1CC5CS,2021.03
BDCQ.SF1CC5CT,2016.06
BDCQ.SF1CC5CT,2016.09
BDCQ.SF1CC5CT,2016.12
BDCQ.SF1CC5CT,2017.03
BDCQ.SF1CC5CT,2017.06
BDCQ.SF1CC5CT,2017.09
BDCQ.SF1CC5CT,2017.12
BDCQ.SF1CC5CT,2018.03
BDCQ.SF1CC5CT,2018.06
BDCQ.SF1CC5CT,2018.09
BDCQ.SF1CC5CT,2018.12
BDCQ.SF1CC5CT,2019.03
BDCQ.SF1CC5CT,2019.06
BDCQ.SF1CC5CT,2019.09
BDCQ.SF1CC5CT,2019.12
BDCQ.SF1CC5CT,2020.03
BDCQ.SF1CC5CT,2020.06
BDCQ.SF1CC5CT,2020.09
BDCQ.SF1CC5CT,2020.12
BDCQ.SF1CC5CT,2021.03
BDCQ.SF1CC6CA,2016.06
BDCQ.SF1CC6CA,2016.09
BDCQ.SF1CC6CA,2016.12
BDCQ.SF1CC6CA,2017.03
BDCQ.SF1CC6CA,2017.06
BDCQ.SF1CC6CA,2017.09
BDCQ.SF1CC6CA,2017.12
BDCQ.SF1CC6CA,2018.03
BDCQ.SF1CC6CA,2018.06
BDCQ.SF1CC6CA,2018.09
BDCQ.SF1CC6CA,2018.12
BDCQ.SF1CC6CA,2019.03
BDCQ.SF1CC6CA,2019.06
BDCQ.SF1CC6CA,2019.09
BDCQ.SF1CC6CA,2019.12
BDCQ.SF1CC6CA,2020.03
BDCQ.SF1CC6CA,2020.06
BDCQ.SF1CC6CA,2020.09
BDCQ.SF1CC6CA,2020.12
BDCQ.SF1CC6CA,2021.03
BDCQ.SF1CC6CS,2016.06
BDCQ.SF1CC6CS,2016.09
BDCQ.SF1CC6CS,2016.12
BDCQ.SF1CC6CS,2017.03
BDCQ.SF1CC6CS,2017.06
BDCQ.SF1CC6CS,2017.09
BDCQ.SF1CC6CS,2017.12
BDCQ.SF1CC6CS,2018.03
BDCQ.SF1CC6CS,2018.06
BDCQ.SF1CC6CS,2018.09
BDCQ.SF1CC6CS,2018.12
BDCQ.SF1CC6CS,2019.03
BDCQ.SF1CC6CS,2019.06
BDCQ.SF1CC6CS,2019.09
BDCQ.SF1CC6CS,2019.12
BDCQ.SF1CC6CS,2020.03
BDCQ.SF1CC6CS,2020.06
BDCQ.SF1CC6CS,2020.09
BDCQ.SF1CC6CS,2020.12
BDCQ.SF1CC6CS,2021.03
BDCQ.SF1CC6CT,2016.06
BDCQ.SF1CC6CT,2016.09
BDCQ.SF1CC6CT,2016.12
BDCQ.SF1CC6CT,2017.03
BDCQ.SF1CC6CT,2017.06
BDCQ.SF1CC6CT,2017.09
BDCQ.SF1CC6CT,2017.12
BDCQ.SF1CC6CT,2018.03
BDCQ.SF1CC6CT,2018.06
BDCQ.SF1CC6CT,2018.09
BDCQ.SF1CC6CT,2018.12
BDCQ.SF1CC6CT,2019.03
BDCQ.SF1CC6CT,2019.06
BDCQ.SF1CC6CT,2019.09
BDCQ.SF1CC6CT,2019.12
BDCQ.SF1CC6CT,2020.03
BDCQ.SF1CC6CT,2020.06
BDCQ.SF1CC6CT,2020.09
BDCQ.SF1CC6CT,2020.12
BDCQ.SF1CC6CT,2021.03
BDCQ.SF1CC7CA,2016.06
BDCQ.SF1CC7CA,2016.09
BDCQ.SF1CC7CA,2016.12
BDCQ.SF1CC7CA,2017.03
BDCQ.SF1CC7CA,2017.06
BDCQ.SF1CC7CA,2017.09
BDCQ.SF1CC7CA,2017.12
BDCQ.SF1CC7CA,2018.03
BDCQ.SF1CC7CA,2018.06
BDCQ.SF1CC7CA,2018.09
BDCQ.SF1CC7CA,2018.12
BDCQ.SF1CC7CA,2019.03
BDCQ.SF1CC7CA,2019.06
BDCQ.SF1CC7CA,2019.09
BDCQ.SF1CC7CA,2019.12
BDCQ.SF1CC7CA,2020.03
BDCQ.SF1CC7CA,2020.06
BDCQ.SF1CC7CA,2020.09
BDCQ.SF1CC7CA,2020.12
BDCQ.SF1CC7CA,2021.03
BDCQ.SF1CC7CS,2016.06
BDCQ.SF1CC7CS,2016.09
BDCQ.SF1CC7CS,2016.12
BDCQ.SF1CC7CS,2017.03
BDCQ.SF1CC7CS,2017.06
BDCQ.SF1CC7CS,2017.09
BDCQ.SF1CC7CS,2017.12
BDCQ.SF1CC7CS,2018.03
BDCQ.SF1CC7CS,2018.06
BDCQ.SF1CC7CS,2018.09
BDCQ.SF1CC7CS,2018.12
BDCQ.SF1CC7CS,2019.03
BDCQ.SF1CC7CS,2019.06
BDCQ.SF1CC7CS,2019.09
BDCQ.SF1CC7CS,2019.12
BDCQ.SF1CC7CS,2020.03
BDCQ.SF1CC7CS,2020.06
BDCQ.SF1CC7CS,2020.09
BDCQ.SF1CC7CS,2020.12
BDCQ.SF1CC7CS,2021.03
BDCQ.SF1CC7CT,2016.06
BDCQ.SF1CC7CT,2016.09
BDCQ.SF1CC7CT,2016.12
BDCQ.SF1CC7CT,2017.03
BDCQ.SF1CC7CT,2017.06
BDCQ.SF1CC7CT,2017.09
BDCQ.SF1CC7CT,2017.12
BDCQ.SF1CC7CT,2018.03
BDCQ.SF1CC7CT,2018.06
BDCQ.SF1CC7CT,2018.09
BDCQ.SF1CC7CT,2018.12
BDCQ.SF1CC7CT,2019.03
BDCQ.SF1CC7CT,2019.06
BDCQ.SF1CC7CT,2019.09
BDCQ.SF1CC7CT,2019.12
BDCQ.SF1CC7CT,2020.03
BDCQ.SF1CC7CT,2020.06
BDCQ.SF1CC7CT,2020.09
BDCQ.SF1CC7CT,2020.12
BDCQ.SF1CC7CT,2021.03
BDCQ.SF1CC8CA,2016.06
BDCQ.SF1CC8CA,2016.09
BDCQ.SF1CC8CA,2016.12
BDCQ.SF1CC8CA,2017.03
BDCQ.SF1CC8CA,2017.06
BDCQ.SF1CC8CA,2017.09
BDCQ.SF1CC8CA,2017.12
BDCQ.SF1CC8CA,2018.03
BDCQ.SF1CC8CA,2018.06
BDCQ.SF1CC8CA,2018.09
BDCQ.SF1CC8CA,2018.12
BDCQ.SF1CC8CA,2019.03
BDCQ.SF1CC8CA,2019.06
BDCQ.SF1CC8CA,2019.09
BDCQ.SF1CC8CA,2019.12
BDCQ.SF1CC8CA,2020.03
BDCQ.SF1CC8CA,2020.06
BDCQ.SF1CC8CA,2020.09
BDCQ.SF1CC8CA,2020.12
BDCQ.SF1CC8CA,2021.03
BDCQ.SF1CC8CS,2016.06
BDCQ.SF1CC8CS,2016.09
BDCQ.SF1CC8CS,2016.12
BDCQ.SF1CC8CS,2017.03
BDCQ.SF1CC8CS,2017.06
BDCQ.SF1CC8CS,2017.09
BDCQ.SF1CC8CS,2017.12
BDCQ.SF1CC8CS,2018.03
BDCQ.SF1CC8CS,2018.06
BDCQ.SF1CC8CS,2018.09
BDCQ.SF1CC8CS,2018.12
BDCQ.SF1CC8CS,2019.03
BDCQ.SF1CC8CS,2019.06
BDCQ.SF1CC8CS,2019.09
BDCQ.SF1CC8CS,2019.12
BDCQ.SF1CC8CS,2020.03
BDCQ.SF1CC8CS,2020.06
BDCQ.SF1CC8CS,2020.09
BDCQ.SF1CC8CS,2020.12
BDCQ.SF1CC8CS,2021.03
BDCQ.SF1CC8CT,2016.06
BDCQ.SF1CC8CT,2016.09
BDCQ.SF1CC8CT,2016.12
BDCQ.SF1CC8CT,2017.03
BDCQ.SF1CC8CT,2017.06
BDCQ.SF1CC8CT,2017.09
BDCQ.SF1CC8CT,2017.12
BDCQ.SF1CC8CT,2018.03
BDCQ.SF1CC8CT,2018.06
BDCQ.SF1CC8CT,2018.09
BDCQ.SF1CC8CT,2018.12
BDCQ.SF1CC8CT,2019.03
BDCQ.SF1CC8CT,2019.06
BDCQ.SF1CC8CT,2019.09
BDCQ.SF1CC8CT,2019.12
BDCQ.SF1CC8CT,2020.03
BDCQ.SF1CC8CT,2020.06
BDCQ.SF1CC8CT,2020.09
BDCQ.SF1CC8CT,2020.12
BDCQ.SF1CC8CT,2021.03
BDCQ.SF1CC9CA,2016.06
BDCQ.SF1CC9CA,2016.09
BDCQ.SF1CC9CA,2016.12
BDCQ.SF1CC9CA,2017.03
BDCQ.SF1CC9CA,2017.06
BDCQ.SF1CC9CA,2017.09
BDCQ.SF1CC9CA,2017.12
BDCQ.SF1CC9CA,2018.03
BDCQ.SF1CC9CA,2018.06
BDCQ.SF1CC9CA,2018.09
BDCQ.SF1CC9CA,2018.12
BDCQ.SF1CC9CA,2019.03
BDCQ.SF1CC9CA,2019.06
BDCQ.SF1CC9CA,2019.09
BDCQ.SF1CC9CA,2019.12
BDCQ.SF1CC9CA,2020.03
BDCQ.SF1CC9CA,2020.06
BDCQ.SF1CC9CA,2020.09
BDCQ.SF1CC9CA,2020.12
BDCQ.SF1CC9CA,2021.03
BDCQ.SF1CC9CS,2016.06
BDCQ.SF1CC9CS,2016.09
BDCQ.SF1CC9CS,2016.12
BDCQ.SF1CC9CS,2017.03
BDCQ.SF1CC9CS,2017.06
BDCQ.SF1CC9CS,2017.09
BDCQ.SF1CC9CS,2017.12
BDCQ.SF1CC9CS,2018.03
BDCQ.SF1CC9CS,2018.06
BDCQ.SF1CC9CS,2018.09
BDCQ.SF1CC9CS,2018.12
BDCQ.SF1CC9CS,2019.03
BDCQ.SF1CC9CS,2019.06
BDCQ.SF1CC9CS,2019.09
BDCQ.SF1CC9CS,2019.12
BDCQ.SF1CC9CS,2020.03
BDCQ.SF1CC9CS,2020.06
BDCQ.SF1CC9CS,2020.09
BDCQ.SF1CC9CS,2020.12
BDCQ.SF1CC9CS,2021.03
BDCQ.SF1CC9CT,2016.06
BDCQ.SF1CC9CT,2016.09
BDCQ.SF1CC9CT,2016.12
BDCQ.SF1CC9CT,2017.03
BDCQ.SF1CC9CT,2017.06
BDCQ.SF1CC9CT,2017.09
BDCQ.SF1CC9CT,2017.12
BDCQ.SF1CC9CT,2018.03
BDCQ.SF1CC9CT,2018.06
BDCQ.SF1CC9CT,2018.09
BDCQ.SF1CC9CT,2018.12
BDCQ.SF1CC9CT,2019.03
BDCQ.SF1CC9CT,2019.06
BDCQ.SF1CC9CT,2019.09
BDCQ.SF1CC9CT,2019.12
BDCQ.SF1CC9CT,2020.03
BDCQ.SF1CC9CT,2020.06
BDCQ.SF1CC9CT,2020.09
BDCQ.SF1CC9CT,2020.12
BDCQ.SF1CC9CT,2021.03
BDCQ.SF1DD1CA,2016.06
BDCQ.SF1DD1CA,2016.09
BDCQ.SF1DD1CA,2016.12
BDCQ.SF1DD1CA,2017.03
BDCQ.SF1DD1CA,2017.06
BDCQ.SF1DD1CA,2017.09
BDCQ.SF1DD1CA,2017.12
BDCQ.SF1DD1CA,2018.03
BDCQ.SF1DD1CA,2018.06
BDCQ.SF1DD1CA,2018.09
BDCQ.SF1DD1CA,2018.12
BDCQ.SF1DD1CA,2019.03
BDCQ.SF1DD1CA,2019.06
BDCQ.SF1DD1CA,2019.09
BDCQ.SF1DD1CA,2019.12
BDCQ.SF1DD1CA,2020.03
BDCQ.SF1DD1CA,2020.06
BDCQ.SF1DD1CA,2020.09
BDCQ.SF1DD1CA,2020.12
BDCQ.SF1DD1CA,2021.03
BDCQ.SF1DD1CS,2016.06
BDCQ.SF1DD1CS,2016.09
BDCQ.SF1DD1CS,2016.12
BDCQ.SF1DD1CS,2017.03
BDCQ.SF1DD1CS,2017.06
BDCQ.SF1DD1CS,2017.09
BDCQ.SF1DD1CS,2017.12
BDCQ.SF1DD1CS,2018.03
BDCQ.SF1DD1CS,2018.06
BDCQ.SF1DD1CS,2018.09
BDCQ.SF1DD1CS,2018.12
BDCQ.SF1DD1CS,2019.03
BDCQ.SF1DD1CS,2019.06
BDCQ.SF1DD1CS,2019.09
BDCQ.SF1DD1CS,2019.12
BDCQ.SF1DD1CS,2020.03
BDCQ.SF1DD1CS,2020.06
BDCQ.SF1DD1CS,2020.09
BDCQ.SF1DD1CS,2020.12
BDCQ.SF1DD1CS,2021.03
BDCQ.SF1DD1CT,2016.06
BDCQ.SF1DD1CT,2016.09
BDCQ.SF1DD1CT,2016.12
BDCQ.SF1DD1CT,2017.03
BDCQ.SF1DD1CT,2017.06
BDCQ.SF1DD1CT,2017.09
BDCQ.SF1DD1CT,2017.12
BDCQ.SF1DD1CT,2018.03
BDCQ.SF1DD1CT,2018.06
BDCQ.SF1DD1CT,2018.09
BDCQ.SF1DD1CT,2018.12
BDCQ.SF1DD1CT,2019.03
BDCQ.SF1DD1CT,2019.06
BDCQ.SF1DD1CT,2019.09
BDCQ.SF1DD1CT,2019.12
BDCQ.SF1DD1CT,2020.03
BDCQ.SF1DD1CT,2020.06
BDCQ.SF1DD1CT,2020.09
BDCQ.SF1DD1CT,2020.12
BDCQ.SF1DD1CT,2021.03
BDCQ.SF1EE1CA,2016.06
BDCQ.SF1EE1CA,2016.09
BDCQ.SF1EE1CA,2016.12
BDCQ.SF1EE1CA,2017.03
BDCQ.SF1EE1CA,2017.06
BDCQ.SF1EE1CA,2017.09
BDCQ.SF1EE1CA,2017.12
BDCQ.SF1EE1CA,2018.03
BDCQ.SF1EE1CA,2018.06
BDCQ.SF1EE1CA,2018.09
BDCQ.SF1EE1CA,2018.12
BDCQ.SF1EE1CA,2019.03
BDCQ.SF1EE1CA,2019.06
BDCQ.SF1EE1CA,2019.09
BDCQ.SF1EE1CA,2019.12
BDCQ.SF1EE1CA,2020.03
BDCQ.SF1EE1CA,2020.06
BDCQ.SF1EE1CA,2020.09
BDCQ.SF1EE1CA,2020.12
BDCQ.SF1EE1CA,2021.03
BDCQ.SF1EE1CS,2016.06
BDCQ.SF1EE1CS,2016.09
BDCQ.SF1EE1CS,2016.12
BDCQ.SF1EE1CS,2017.03
BDCQ.SF1EE1CS,2017.06
BDCQ.SF1EE1CS,2017.09
BDCQ.SF1EE1CS,2017.12
BDCQ.SF1EE1CS,2018.03
BDCQ.SF1EE1CS,2018.06
BDCQ.SF1EE1CS,2018.09
BDCQ.SF1EE1CS,2018.12
BDCQ.SF1EE1CS,2019.03
BDCQ.SF1EE1CS,2019.06
BDCQ.SF1EE1CS,2019.09
BDCQ.SF1EE1CS,2019.12
BDCQ.SF1EE1CS,2020.03
BDCQ.SF1EE1CS,2020.06
BDCQ.SF1EE1CS,2020.09
BDCQ.SF1EE1CS,2020.12
BDCQ.SF1EE1CS,2021.03
BDCQ.SF1EE1CT,2016.06
BDCQ.SF1EE1CT,2016.09
BDCQ.SF1EE1CT,2016.12
BDCQ.SF1EE1CT,2017.03
BDCQ.SF1EE1CT,2017.06
BDCQ.SF1EE1CT,2017.09
BDCQ.SF1EE1CT,2017.12
BDCQ.SF1EE1CT,2018.03
BDCQ.SF1EE1CT,2018.06
BDCQ.SF1EE1CT,2018.09
BDCQ.SF1EE1CT,2018.12
BDCQ.SF1EE1CT,2019.03
BDCQ.SF1EE1CT,2019.06
BDCQ.SF1EE1CT,2019.09
BDCQ.SF1EE1CT,2019.12
BDCQ.SF1EE1CT,2020.03
BDCQ.SF1EE1CT,2020.06
BDCQ.SF1EE1CT,2020.09
BDCQ.SF1EE1CT,2020.12
BDCQ.SF1EE1CT,2021.03
BDCQ.SF1FF1CA,2016.06
BDCQ.SF1FF1CA,2016.09
BDCQ.SF1FF1CA,2016.12
BDCQ.SF1FF1CA,2017.03
BDCQ.SF1FF1CA,2017.06
BDCQ.SF1FF1CA,2017.09
BDCQ.SF1FF1CA,2017.12
BDCQ.SF1FF1CA,2018.03
BDCQ.SF1FF1CA,2018.06
BDCQ.SF1FF1CA,2018.09
BDCQ.SF1FF1CA,2018.12
BDCQ.SF1FF1CA,2019.03
BDCQ.SF1FF1CA,2019.06
BDCQ.SF1FF1CA,2019.09
BDCQ.SF1FF1CA,2019.12
BDCQ.SF1FF1CA,2020.03
BDCQ.SF1FF1CA,2020.06
BDCQ.SF1FF1CA,2020.09
BDCQ.SF1FF1CA,2020.12
BDCQ.SF1FF1CA,2021.03
BDCQ.SF1FF1CS,2016.06
BDCQ.SF1FF1CS,2016.09
BDCQ.SF1FF1CS,2016.12
BDCQ.SF1FF1CS,2017.03
BDCQ.SF1FF1CS,2017.06
BDCQ.SF1FF1CS,2017.09
BDCQ.SF1FF1CS,2017.12
BDCQ.SF1FF1CS,2018.03
BDCQ.SF1FF1CS,2018.06
BDCQ.SF1FF1CS,2018.09
BDCQ.SF1FF1CS,2018.12
BDCQ.SF1FF1CS,2019.03
BDCQ.SF1FF1CS,2019.06
BDCQ.SF1FF1CS,2019.09
BDCQ.SF1FF1CS,2019.12
BDCQ.SF1FF1CS,2020.03
BDCQ.SF1FF1CS,2020.06
BDCQ.SF1FF1CS,2020.09
BDCQ.SF1FF1CS,2020.12
BDCQ.SF1FF1CS,2021.03
BDCQ.SF1FF1CT,2016.06
BDCQ.SF1FF1CT,2016.09
BDCQ.SF1FF1CT,2016.12
BDCQ.SF1FF1CT,2017.03
BDCQ.SF1FF1CT,2017.06
BDCQ.SF1FF1CT,2017.09
BDCQ.SF1FF1CT,2017.12
BDCQ.SF1FF1CT,2018.03
BDCQ.SF1FF1CT,2018.06
BDCQ.SF1FF1CT,2018.09
BDCQ.SF1FF1CT,2018.12
BDCQ.SF1FF1CT,2019.03
BDCQ.SF1FF1CT,2019.06
BDCQ.SF1FF1CT,2019.09
BDCQ.SF1FF1CT,2019.12
BDCQ.SF1FF1CT,2020.03
BDCQ.SF1FF1CT,2020.06
BDCQ.SF1FF1CT,2020.09
BDCQ.SF1FF1CT,2020.12
BDCQ.SF1FF1CT,2021.03
BDCQ.SF1GH1CA,2017.09
BDCQ.SF1GH1CA,2017.12
BDCQ.SF1GH1CA,2018.03
BDCQ.SF1GH1CA,2018.06
BDCQ.SF1GH1CA,2018.09
BDCQ.SF1GH1CA,2018.12
BDCQ.SF1GH1CA,2019.03
BDCQ.SF1GH1CA,2019.06
BDCQ.SF1GH1CA,2019.09
BDCQ.SF1GH1CA,2019.12
BDCQ.SF1GH1CA,2020.03
BDCQ.SF1GH1CA,2020.06
BDCQ.SF1GH1CA,2020.09
BDCQ.SF1GH1CA,2020.12
BDCQ.SF1GH1CA,2021.03
BDCQ.SF1GH1CS,2017.09
BDCQ.SF1GH1CS,2017.12
BDCQ.SF1GH1CS,2018.03
BDCQ.SF1GH1CS,2018.06
BDCQ.SF1GH1CS,2018.09
BDCQ.SF1GH1CS,2018.12
BDCQ.SF1GH1CS,2019.03
BDCQ.SF1GH1CS,2019.06
BDCQ.SF1GH1CS,2019.09
BDCQ.SF1GH1CS,2019.12
BDCQ.SF1GH1CS,2020.03
BDCQ.SF1GH1CS,2020.06
BDCQ.SF1GH1CS,2020.09
BDCQ.SF1GH1CS,2020.12
BDCQ.SF1GH1CS,2021.03
BDCQ.SF1GH1CT,2017.09
BDCQ.SF1GH1CT,2017.12
BDCQ.SF1GH1CT,2018.03
BDCQ.SF1GH1CT,2018.06
BDCQ.SF1GH1CT,2018.09
BDCQ.SF1GH1CT,2018.12
BDCQ.SF1GH1CT,2019.03
BDCQ.SF1GH1CT,2019.06
BDCQ.SF1GH1CT,2019.09
BDCQ.SF1GH1CT,2019.12
BDCQ.SF1GH1CT,2020.03
BDCQ.SF1GH1CT,2020.06
BDCQ.SF1GH1CT,2020.09
BDCQ.SF1GH1CT,2020.12
BDCQ.SF1GH1CT,2021.03
BDCQ.SF1GH2CA,2017.09
BDCQ.SF1GH2CA,2017.12
BDCQ.SF1GH2CA,2018.03
BDCQ.SF1GH2CA,2018.06
BDCQ.SF1GH2CA,2018.09
BDCQ.SF1GH2CA,2018.12
BDCQ.SF1GH2CA,2019.03
BDCQ.SF1GH2CA,2019.06
BDCQ.SF1GH2CA,2019.09
BDCQ.SF1GH2CA,2019.12
BDCQ.SF1GH2CA,2020.03
BDCQ.SF1GH2CA,2020.06
BDCQ.SF1GH2CA,2020.09
BDCQ.SF1GH2CA,2020.12
BDCQ.SF1GH2CA,2021.03
BDCQ.SF1GH2CS,2017.09
BDCQ.SF1GH2CS,2017.12
BDCQ.SF1GH2CS,2018.03
BDCQ.SF1GH2CS,2018.06
BDCQ.SF1GH2CS,2018.09
BDCQ.SF1GH2CS,2018.12
BDCQ.SF1GH2CS,2019.03
BDCQ.SF1GH2CS,2019.06
BDCQ.SF1GH2CS,2019.09
BDCQ.SF1GH2CS,2019.12
BDCQ.SF1GH2CS,2020.03
BDCQ.SF1GH2CS,2020.06
BDCQ.SF1GH2CS,2020.09
BDCQ.SF1GH2CS,2020.12
BDCQ.SF1GH2CS,2021.03
BDCQ.SF1GH2CT,2017.09
BDCQ.SF1GH2CT,2017.12
BDCQ.SF1GH2CT,2018.03
BDCQ.SF1GH2CT,2018.06
BDCQ.SF1GH2CT,2018.09
BDCQ.SF1GH2CT,2018.12
BDCQ.SF1GH2CT,2019.03
BDCQ.SF1GH2CT,2019.06
BDCQ.SF1GH2CT,2019.09
BDCQ.SF1GH2CT,2019.12
BDCQ.SF1GH2CT,2020.03
BDCQ.SF1GH2CT,2020.06
BDCQ.SF1GH2CT,2020.09
BDCQ.SF1GH2CT,2020.12
BDCQ.SF1GH2CT,2021.03
BDCQ.SF1II1CA,2016.06
BDCQ.SF1II1CA,2016.09
BDCQ.SF1II1CA,2016.12
BDCQ.SF1II1CA,2017.03
BDCQ.SF1II1CA,2017.06
BDCQ.SF1II1CA,2017.09
BDCQ.SF1II1CA,2017.12
BDCQ.SF1II1CA,2018.03
BDCQ.SF1II1CA,2018.06
BDCQ.SF1II1CA,2018.09
BDCQ.SF1II1CA,2018.12
BDCQ.SF1II1CA,2019.03
BDCQ.SF1II1CA,2019.06
BDCQ.SF1II1CA,2019.09
BDCQ.SF1II1CA,2019.12
BDCQ.SF1II1CA,2020.03
BDCQ.SF1II1CA,2020.06
BDCQ.SF1II1CA,2020.09
BDCQ.SF1II1CA,2020.12
BDCQ.SF1II1CA,2021.03
BDCQ.SF1II1CS,2016.06
BDCQ.SF1II1CS,2016.09
BDCQ.SF1II1CS,2016.12
BDCQ.SF1II1CS,2017.03
BDCQ.SF1II1CS,2017.06
BDCQ.SF1II1CS,2017.09
BDCQ.SF1II1CS,2017.12
BDCQ.SF1II1CS,2018.03
BDCQ.SF1II1CS,2018.06
BDCQ.SF1II1CS,2018.09
BDCQ.SF1II1CS,2018.12
BDCQ.SF1II1CS,2019.03
BDCQ.SF1II1CS,2019.06
BDCQ.SF1II1CS,2019.09
BDCQ.SF1II1CS,2019.12
BDCQ.SF1II1CS,2020.03
BDCQ.SF1II1CS,2020.06
BDCQ.SF1II1CS,2020.09
BDCQ.SF1II1CS,2020.12
BDCQ.SF1II1CS,2021.03
BDCQ.SF1II1CT,2016.06
BDCQ.SF1II1CT,2016.09
BDCQ.SF1II1CT,2016.12
BDCQ.SF1II1CT,2017.03
BDCQ.SF1II1CT,2017.06
BDCQ.SF1II1CT,2017.09
BDCQ.SF1II1CT,2017.12
BDCQ.SF1II1CT,2018.03
BDCQ.SF1II1CT,2018.06
BDCQ.SF1II1CT,2018.09
BDCQ.SF1II1CT,2018.12
BDCQ.SF1II1CT,2019.03
BDCQ.SF1II1CT,2019.06
BDCQ.SF1II1CT,2019.09
BDCQ.SF1II1CT,2019.12
BDCQ.SF1II1CT,2020.03
BDCQ.SF1II1CT,2020.06
BDCQ.SF1II1CT,2020.09
BDCQ.SF1II1CT,2020.12
BDCQ.SF1II1CT,2021.03
BDCQ.SF1JJ1CA,2016.06
BDCQ.SF1JJ1CA,2016.09
BDCQ.SF1JJ1CA,2016.12
BDCQ.SF1JJ1CA,2017.03
BDCQ.SF1JJ1CA,2017.06
BDCQ.SF1JJ1CA,2017.09
BDCQ.SF1JJ1CA,2017.12
BDCQ.SF1JJ1CA,2018.03
BDCQ.SF1JJ1CA,2018.06
BDCQ.SF1JJ1CA,2018.09
BDCQ.SF1JJ1CA,2018.12
BDCQ.SF1JJ1CA,2019.03
BDCQ.SF1JJ1CA,2019.06
BDCQ.SF1JJ1CA,2019.09
BDCQ.SF1JJ1CA,2019.12
BDCQ.SF1JJ1CA,2020.03
BDCQ.SF1JJ1CA,2020.06
BDCQ.SF1JJ1CA,2020.09
BDCQ.SF1JJ1CA,2020.12
BDCQ.SF1JJ1CA,2021.03
BDCQ.SF1JJ1CS,2016.06
BDCQ.SF1JJ1CS,2016.09
BDCQ.SF1JJ1CS,2016.12
BDCQ.SF1JJ1CS,2017.03
BDCQ.SF1JJ1CS,2017.06
BDCQ.SF1JJ1CS,2017.09
BDCQ.SF1JJ1CS,2017.12
BDCQ.SF1JJ1CS,2018.03
BDCQ.SF1JJ1CS,2018.06
BDCQ.SF1JJ1CS,2018.09
BDCQ.SF1JJ1CS,2018.12
BDCQ.SF1JJ1CS,2019.03
BDCQ.SF1JJ1CS,2019.06
BDCQ.SF1JJ1CS,2019.09
BDCQ.SF1JJ1CS,2019.12
BDCQ.SF1JJ1CS,2020.03
BDCQ.SF1JJ1CS,2020.06
BDCQ.SF1JJ1CS,2020.09
BDCQ.SF1JJ1CS,2020.12
BDCQ.SF1JJ1CS,2021.03
BDCQ.SF1JJ1CT,2016.06
BDCQ.SF1JJ1CT,2016.09
BDCQ.SF1JJ1CT,2016.12
BDCQ.SF1JJ1CT,2017.03
BDCQ.SF1JJ1CT,2017.06
BDCQ.SF1JJ1CT,2017.09
BDCQ.SF1JJ1CT,2017.12
BDCQ.SF1JJ1CT,2018.03
BDCQ.SF1JJ1CT,2018.06
BDCQ.SF1JJ1CT,2018.09
BDCQ.SF1JJ1CT,2018.12
BDCQ.SF1JJ1CT,2019.03
BDCQ.SF1JJ1CT,2019.06
BDCQ.SF1JJ1CT,2019.09
BDCQ.SF1JJ1CT,2019.12
BDCQ.SF1JJ1CT,2020.03
BDCQ.SF1JJ1CT,2020.06
BDCQ.SF1JJ1CT,2020.09
BDCQ.SF1JJ1CT,2020.12
BDCQ.SF1JJ1CT,2021.03
BDCQ.SF1LL1CA,2016.06
BDCQ.SF1LL1CA,2016.09
BDCQ.SF1LL1CA,2016.12
BDCQ.SF1LL1CA,2017.03
BDCQ.SF1LL1CA,2017.06
BDCQ.SF1LL1CA,2017.09
BDCQ.SF1LL1CA,2017.12
BDCQ.SF1LL1CA,2018.03
BDCQ.SF1LL1CA,2018.06
BDCQ.SF1LL1CA,2018.09
BDCQ.SF1LL1CA,2018.12
BDCQ.SF1LL1CA,2019.03
BDCQ.SF1LL1CA,2019.06
BDCQ.SF1LL1CA,2019.09
BDCQ.SF1LL1CA,2019.12
BDCQ.SF1LL1CA,2020.03
BDCQ.SF1LL1CA,2020.06
BDCQ.SF1LL1CA,2020.09
BDCQ.SF1LL1CA,2020.12
BDCQ.SF1LL1CA,2021.03
BDCQ.SF1LL1CS,2016.06
BDCQ.SF1LL1CS,2016.09
BDCQ.SF1LL1CS,2016.12
BDCQ.SF1LL1CS,2017.03
BDCQ.SF1LL1CS,2017.06
BDCQ.SF1LL1CS,2017.09
BDCQ.SF1LL1CS,2017.12
BDCQ.SF1LL1CS,2018.03
BDCQ.SF1LL1CS,2018.06
BDCQ.SF1LL1CS,2018.09
BDCQ.SF1LL1CS,2018.12
BDCQ.SF1LL1CS,2019.03
BDCQ.SF1LL1CS,2019.06
BDCQ.SF1LL1CS,2019.09
BDCQ.SF1LL1CS,2019.12
BDCQ.SF1LL1CS,2020.03
BDCQ.SF1LL1CS,2020.06
BDCQ.SF1LL1CS,2020.09
BDCQ.SF1LL1CS,2020.12
BDCQ.SF1LL1CS,2021.03
BDCQ.SF1LL1CT,2016.06
BDCQ.SF1LL1CT,2016.09
BDCQ.SF1LL1CT,2016.12
BDCQ.SF1LL1CT,2017.03
BDCQ.SF1LL1CT,2017.06
BDCQ.SF1LL1CT,2017.09
BDCQ.SF1LL1CT,2017.12
BDCQ.SF1LL1CT,2018.03
BDCQ.SF1LL1CT,2018.06
BDCQ.SF1LL1CT,2018.09
BDCQ.SF1LL1CT,2018.12
BDCQ.SF1LL1CT,2019.03
BDCQ.SF1LL1CT,2019.06
BDCQ.SF1LL1CT,2019.09
BDCQ.SF1LL1CT,2019.12
BDCQ.SF1LL1CT,2020.03
BDCQ.SF1LL1CT,2020.06
BDCQ.SF1LL1CT,2020.09
BDCQ.SF1LL1CT,2020.12
BDCQ.SF1LL1CT,2021.03
BDCQ.SF1MN1CA,2016.06
BDCQ.SF1MN1CA,2016.09
BDCQ.SF1MN1CA,2016.12
BDCQ.SF1MN1CA,2017.03
BDCQ.SF1MN1CA,2017.06
BDCQ.SF1MN1CA,2017.09
BDCQ.SF1MN1CA,2017.12
BDCQ.SF1MN1CA,2018.03
BDCQ.SF1MN1CA,2018.06
BDCQ.SF1MN1CA,2018.09
BDCQ.SF1MN1CA,2018.12
BDCQ.SF1MN1CA,2019.03
BDCQ.SF1MN1CA,2019.06
BDCQ.SF1MN1CA,2019.09
BDCQ.SF1MN1CA,2019.12
BDCQ.SF1MN1CA,2020.03
BDCQ.SF1MN1CA,2020.06
BDCQ.SF1MN1CA,2020.09
BDCQ.SF1MN1CA,2020.12
BDCQ.SF1MN1CA,2021.03
BDCQ.SF1MN1CS,2016.06
BDCQ.SF1MN1CS,2016.09
BDCQ.SF1MN1CS,2016.12
BDCQ.SF1MN1CS,2017.03
BDCQ.SF1MN1CS,2017.06
BDCQ.SF1MN1CS,2017.09
BDCQ.SF1MN1CS,2017.12
BDCQ.SF1MN1CS,2018.03
BDCQ.SF1MN1CS,2018.06
BDCQ.SF1MN1CS,2018.09
BDCQ.SF1MN1CS,2018.12
BDCQ.SF1MN1CS,2019.03
BDCQ.SF1MN1CS,2019.06
BDCQ.SF1MN1CS,2019.09
BDCQ.SF1MN1CS,2019.12
BDCQ.SF1MN1CS,2020.03
BDCQ.SF1MN1CS,2020.06
BDCQ.SF1MN1CS,2020.09
BDCQ.SF1MN1CS,2020.12
BDCQ.SF1MN1CS,2021.03
BDCQ.SF1MN1CT,2016.06
BDCQ.SF1MN1CT,2016.09
BDCQ.SF1MN1CT,2016.12
BDCQ.SF1MN1CT,2017.03
BDCQ.SF1MN1CT,2017.06
BDCQ.SF1MN1CT,2017.09
BDCQ.SF1MN1CT,2017.12
BDCQ.SF1MN1CT,2018.03
BDCQ.SF1MN1CT,2018.06
BDCQ.SF1MN1CT,2018.09
BDCQ.SF1MN1CT,2018.12
BDCQ.SF1MN1CT,2019.03
BDCQ.SF1MN1CT,2019.06
BDCQ.SF1MN1CT,2019.09
BDCQ.SF1MN1CT,2019.12
BDCQ.SF1MN1CT,2020.03
BDCQ.SF1MN1CT,2020.06
BDCQ.SF1MN1CT,2020.09
BDCQ.SF1MN1CT,2020.12
BDCQ.SF1MN1CT,2021.03
BDCQ.SF1MN2CA,2016.06
BDCQ.SF1MN2CA,2016.09
BDCQ.SF1MN2CA,2016.12
BDCQ.SF1MN2CA,2017.03
BDCQ.SF1MN2CA,2017.06
BDCQ.SF1MN2CA,2017.09
BDCQ.SF1MN2CA,2017.12
BDCQ.SF1MN2CA,2018.03
BDCQ.SF1MN2CA,2018.06
BDCQ.SF1MN2CA,2018.09
BDCQ.SF1MN2CA,2018.12
BDCQ.SF1MN2CA,2019.03
BDCQ.SF1MN2CA,2019.06
BDCQ.SF1MN2CA,2019.09
BDCQ.SF1MN2CA,2019.12
BDCQ.SF1MN2CA,2020.03
BDCQ.SF1MN2CA,2020.06
BDCQ.SF1MN2CA,2020.09
BDCQ.SF1MN2CA,2020.12
BDCQ.SF1MN2CA,2021.03
BDCQ.SF1MN2CS,2016.06
BDCQ.SF1MN2CS,2016.09
BDCQ.SF1MN2CS,2016.12
BDCQ.SF1MN2CS,2017.03
BDCQ.SF1MN2CS,2017.06
BDCQ.SF1MN2CS,2017.09
BDCQ.SF1MN2CS,2017.12
BDCQ.SF1MN2CS,2018.03
BDCQ.SF1MN2CS,2018.06
BDCQ.SF1MN2CS,2018.09
BDCQ.SF1MN2CS,2018.12
BDCQ.SF1MN2CS,2019.03
BDCQ.SF1MN2CS,2019.06
BDCQ.SF1MN2CS,2019.09
BDCQ.SF1MN2CS,2019.12
BDCQ.SF1MN2CS,2020.03
BDCQ.SF1MN2CS,2020.06
BDCQ.SF1MN2CS,2020.09
BDCQ.SF1MN2CS,2020.12
BDCQ.SF1MN2CS,2021.03
BDCQ.SF1MN2CT,2016.06
BDCQ.SF1MN2CT,2016.09
BDCQ.SF1MN2CT,2016.12
BDCQ.SF1MN2CT,2017.03
BDCQ.SF1MN2CT,2017.06
BDCQ.SF1MN2CT,2017.09
BDCQ.SF1MN2CT,2017.12
BDCQ.SF1MN2CT,2018.03
BDCQ.SF1MN2CT,2018.06
BDCQ.SF1MN2CT,2018.09
BDCQ.SF1MN2CT,2018.12
BDCQ.SF1MN2CT,2019.03
BDCQ.SF1MN2CT,2019.06
BDCQ.SF1MN2CT,2019.09
BDCQ.SF1MN2CT,2019.12
BDCQ.SF1MN2CT,2020.03
BDCQ.SF1MN2CT,2020.06
BDCQ.SF1MN2CT,2020.09
BDCQ.SF1MN2CT,2020.12
BDCQ.SF1MN2CT,2021.03
BDCQ.SF1PP1CA,2016.06
BDCQ.SF1PP1CA,2016.09
BDCQ.SF1PP1CA,2016.12
BDCQ.SF1PP1CA,2017.03
BDCQ.SF1PP1CA,2017.06
BDCQ.SF1PP1CA,2017.09
BDCQ.SF1PP1CA,2017.12
BDCQ.SF1PP1CA,2018.03
BDCQ.SF1PP1CA,2018.06
BDCQ.SF1PP1CA,2018.09
BDCQ.SF1PP1CA,2018.12
BDCQ.SF1PP1CA,2019.03
BDCQ.SF1PP1CA,2019.06
BDCQ.SF1PP1CA,2019.09
BDCQ.SF1PP1CA,2019.12
BDCQ.SF1PP1CA,2020.03
BDCQ.SF1PP1CA,2020.06
BDCQ.SF1PP1CA,2020.09
BDCQ.SF1PP1CA,2020.12
BDCQ.SF1PP1CA,2021.03
BDCQ.SF1PP1CS,2016.06
BDCQ.SF1PP1CS,2016.09
BDCQ.SF1PP1CS,2016.12
BDCQ.SF1PP1CS,2017.03
BDCQ.SF1PP1CS,2017.06
BDCQ.SF1PP1CS,2017.09
BDCQ.SF1PP1CS,2017.12
BDCQ.SF1PP1CS,2018.03
BDCQ.SF1PP1CS,2018.06
BDCQ.SF1PP1CS,2018.09
BDCQ.SF1PP1CS,2018.12
BDCQ.SF1PP1CS,2019.03
BDCQ.SF1PP1CS,2019.06
BDCQ.SF1PP1CS,2019.09
BDCQ.SF1PP1CS,2019.12
BDCQ.SF1PP1CS,2020.03
BDCQ.SF1PP1CS,2020.06
BDCQ.SF1PP1CS,2020.09
BDCQ.SF1PP1CS,2020.12
BDCQ.SF1PP1CS,2021.03
BDCQ.SF1PP1CT,2016.06
BDCQ.SF1PP1CT,2016.09
BDCQ.SF1PP1CT,2016.12
BDCQ.SF1PP1CT,2017.03
BDCQ.SF1PP1CT,2017.06
BDCQ.SF1PP1CT,2017.09
BDCQ.SF1PP1CT,2017.12
BDCQ.SF1PP1CT,2018.03
BDCQ.SF1PP1CT,2018.06
BDCQ.SF1PP1CT,2018.09
BDCQ.SF1PP1CT,2018.12
BDCQ.SF1PP1CT,2019.03
BDCQ.SF1PP1CT,2019.06
BDCQ.SF1PP1CT,2019.09
BDCQ.SF1PP1CT,2019.12
BDCQ.SF1PP1CT,2020.03
BDCQ.SF1PP1CT,2020.06
BDCQ.SF1PP1CT,2020.09
BDCQ.SF1PP1CT,2020.12
BDCQ.SF1PP1CT,2021.03
BDCQ.SF1QQ1CA,2016.06
BDCQ.SF1QQ1CA,2016.09
BDCQ.SF1QQ1CA,2016.12
BDCQ.SF1QQ1CA,2017.03
BDCQ.SF1QQ1CA,2017.06
BDCQ.SF1QQ1CA,2017.09
BDCQ.SF1QQ1CA,2017.12
BDCQ.SF1QQ1CA,2018.03
BDCQ.SF1QQ1CA,2018.06
BDCQ.SF1QQ1CA,2018.09
BDCQ.SF1QQ1CA,2018.12
BDCQ.SF1QQ1CA,2019.03
BDCQ.SF1QQ1CA,2019.06
BDCQ.SF1QQ1CA,2019.09
BDCQ.SF1QQ1CA,2019.12
BDCQ.SF1QQ1CA,2020.03
BDCQ.SF1QQ1CA,2020.06
BDCQ.SF1QQ1CA,2020.09
BDCQ.SF1QQ1CA,2020.12
BDCQ.SF1QQ1CA,2021.03
BDCQ.SF1QQ1CS,2016.06
BDCQ.SF1QQ1CS,2016.09
BDCQ.SF1QQ1CS,2016.12
BDCQ.SF1QQ1CS,2017.03
BDCQ.SF1QQ1CS,2017.06
BDCQ.SF1QQ1CS,2017.09
BDCQ.SF1QQ1CS,2017.12
BDCQ.SF1QQ1CS,2018.03
BDCQ.SF1QQ1CS,2018.06
BDCQ.SF1QQ1CS,2018.09
BDCQ.SF1QQ1CS,2018.12
BDCQ.SF1QQ1CS,2019.03
BDCQ.SF1QQ1CS,2019.06
BDCQ.SF1QQ1CS,2019.09
BDCQ.SF1QQ1CS,2019.12
BDCQ.SF1QQ1CS,2020.03
BDCQ.SF1QQ1CS,2020.06
BDCQ.SF1QQ1CS,2020.09
BDCQ.SF1QQ1CS,2020.12
BDCQ.SF1QQ1CS,2021.03
BDCQ.SF1QQ1CT,2016.06
BDCQ.SF1QQ1CT,2016.09
BDCQ.SF1QQ1CT,2016.12
BDCQ.SF1QQ1CT,2017.03
BDCQ.SF1QQ1CT,2017.06
BDCQ.SF1QQ1CT,2017.09
BDCQ.SF1QQ1CT,2017.12
BDCQ.SF1QQ1CT,2018.03
BDCQ.SF1QQ1CT,2018.06
BDCQ.SF1QQ1CT,2018.09
BDCQ.SF1QQ1CT,2018.12
BDCQ.SF1QQ1CT,2019.03
BDCQ.SF1QQ1CT,2019.06
BDCQ.SF1QQ1CT,2019.09
BDCQ.SF1QQ1CT,2019.12
BDCQ.SF1QQ1CT,2020.03
BDCQ.SF1QQ1CT,2020.06
BDCQ.SF1QQ1CT,2020.09
BDCQ.SF1QQ1CT,2020.12
BDCQ.SF1QQ1CT,2021.03
BDCQ.SF1RS1CA,2016.06
BDCQ.SF1RS1CA,2016.09
BDCQ.SF1RS1CA,2016.12
BDCQ.SF1RS1CA,2017.03
BDCQ.SF1RS1CA,2017.06
BDCQ.SF1RS1CA,2017.09
BDCQ.SF1RS1CA,2017.12
BDCQ.SF1RS1CA,2018.03
BDCQ.SF1RS1CA,2018.06
BDCQ.SF1RS1CA,2018.09
BDCQ.SF1RS1CA,2018.12
BDCQ.SF1RS1CA,2019.03
BDCQ.SF1RS1CA,2019.06
BDCQ.SF1RS1CA,2019.09
BDCQ.SF1RS1CA,2019.12
BDCQ.SF1RS1CA,2020.03
BDCQ.SF1RS1CA,2020.06
BDCQ.SF1RS1CA,2020.09
BDCQ.SF1RS1CA,2020.12
BDCQ.SF1RS1CA,2021.03
BDCQ.SF1RS1CS,2016.06
BDCQ.SF1RS1CS,2016.09
BDCQ.SF1RS1CS,2016.12
BDCQ.SF1RS1CS,2017.03
BDCQ.SF1RS1CS,2017.06
BDCQ.SF1RS1CS,2017.09
BDCQ.SF1RS1CS,2017.12
BDCQ.SF1RS1CS,2018.03
BDCQ.SF1RS1CS,2018.06
BDCQ.SF1RS1CS,2018.09
BDCQ.SF1RS1CS,2018.12
BDCQ.SF1RS1CS,2019.03
BDCQ.SF1RS1CS,2019.06
BDCQ.SF1RS1CS,2019.09
BDCQ.SF1RS1CS,2019.12
BDCQ.SF1RS1CS,2020.03
BDCQ.SF1RS1CS,2020.06
BDCQ.SF1RS1CS,2020.09
BDCQ.SF1RS1CS,2020.12
BDCQ.SF1RS1CS,2021.03
BDCQ.SF1RS1CT,2016.06
BDCQ.SF1RS1CT,2016.09
BDCQ.SF1RS1CT,2016.12
BDCQ.SF1RS1CT,2017.03
BDCQ.SF1RS1CT,2017.06
BDCQ.SF1RS1CT,2017.09
BDCQ.SF1RS1CT,2017.12
BDCQ.SF1RS1CT,2018.03
BDCQ.SF1RS1CT,2018.06
BDCQ.SF1RS1CT,2018.09
BDCQ.SF1RS1CT,2018.12
BDCQ.SF1RS1CT,2019.03
BDCQ.SF1RS1CT,2019.06
BDCQ.SF1RS1CT,2019.09
BDCQ.SF1RS1CT,2019.12
BDCQ.SF1RS1CT,2020.03
BDCQ.SF1RS1CT,2020.06
BDCQ.SF1RS1CT,2020.09
BDCQ.SF1RS1CT,2020.12
BDCQ.SF1RS1CT,2021.03
BDCQ.SF1RS2CA,2016.06
BDCQ.SF1RS2CA,2016.09
BDCQ.SF1RS2CA,2016.12
BDCQ.SF1RS2CA,2017.03
BDCQ.SF1RS2CA,2017.06
BDCQ.SF1RS2CA,2017.09
BDCQ.SF1RS2CA,2017.12
BDCQ.SF1RS2CA,2018.03
BDCQ.SF1RS2CA,2018.06
BDCQ.SF1RS2CA,2018.09
BDCQ.SF1RS2CA,2018.12
BDCQ.SF1RS2CA,2019.03
BDCQ.SF1RS2CA,2019.06
BDCQ.SF1RS2CA,2019.09
BDCQ.SF1RS2CA,2019.12
BDCQ.SF1RS2CA,2020.03
BDCQ.SF1RS2CA,2020.06
BDCQ.SF1RS2CA,2020.09
BDCQ.SF1RS2CA,2020.12
BDCQ.SF1RS2CA,2021.03
BDCQ.SF1RS2CS,2016.06
BDCQ.SF1RS2CS,2016.09
BDCQ.SF1RS2CS,2016.12
BDCQ.SF1RS2CS,2017.03
BDCQ.SF1RS2CS,2017.06
BDCQ.SF1RS2CS,2017.09
BDCQ.SF1RS2CS,2017.12
BDCQ.SF1RS2CS,2018.03
BDCQ.SF1RS2CS,2018.06
BDCQ.SF1RS2CS,2018.09
BDCQ.SF1RS2CS,2018.12
BDCQ.SF1RS2CS,2019.03
BDCQ.SF1RS2CS,2019.06
BDCQ.SF1RS2CS,2019.09
BDCQ.SF1RS2CS,2019.12
BDCQ.SF1RS2CS,2020.03
BDCQ.SF1RS2CS,2020.06
BDCQ.SF1RS2CS,2020.09
BDCQ.SF1RS2CS,2020.12
BDCQ.SF1RS2CS,2021.03
BDCQ.SF1RS2CT,2016.06
BDCQ.SF1RS2CT,2016.09
BDCQ.SF1RS2CT,2016.12
BDCQ.SF1RS2CT,2017.03
BDCQ.SF1RS2CT,2017.06
BDCQ.SF1RS2CT,2017.09
BDCQ.SF1RS2CT,2017.12
BDCQ.SF1RS2CT,2018.03
BDCQ.SF1RS2CT,2018.06
BDCQ.SF1RS2CT,2018.09
BDCQ.SF1RS2CT,2018.12
BDCQ.SF1RS2CT,2019.03
BDCQ.SF1RS2CT,2019.06
BDCQ.SF1RS2CT,2019.09
BDCQ.SF1RS2CT,2019.12
BDCQ.SF1RS2CT,2020.03
BDCQ.SF1RS2CT,2020.06
BDCQ.SF1RS2CT,2020.09
BDCQ.SF1RS2CT,2020.12
BDCQ.SF1RS2CT,2021.03
BDCQ.SF2AA2CA,2016.06
BDCQ.SF2AA2CA,2016.09
BDCQ.SF2AA2CA,2016.12
BDCQ.SF2AA2CA,2017.03
BDCQ.SF2AA2CA,2017.06
BDCQ.SF2AA2CA,2017.09
BDCQ.SF2AA2CA,2017.12
BDCQ.SF2AA2CA,2018.03
BDCQ.SF2AA2CA,2018.06
BDCQ.SF2AA2CA,2018.09
BDCQ.SF2AA2CA,2018.12
BDCQ.SF2AA2CA,2019.03
BDCQ.SF2AA2CA,2019.06
BDCQ.SF2AA2CA,2019.09
BDCQ.SF2AA2CA,2019.12
BDCQ.SF2AA2CA,2020.03
BDCQ.SF2AA2CA,2020.06
BDCQ.SF2AA2CA,2020.09
BDCQ.SF2AA2CA,2020.12
BDCQ.SF2AA2CA,2021.03
BDCQ.SF2AA3CA,2016.06
BDCQ.SF2AA3CA,2016.09
BDCQ.SF2AA3CA,2016.12
BDCQ.SF2AA3CA,2017.03
BDCQ.SF2AA3CA,2017.06
BDCQ.SF2AA3CA,2017.09
BDCQ.SF2AA3CA,2017.12
BDCQ.SF2AA3CA,2018.03
BDCQ.SF2AA3CA,2018.06
BDCQ.SF2AA3CA,2018.09
BDCQ.SF2AA3CA,2018.12
BDCQ.SF2AA3CA,2019.03
BDCQ.SF2AA3CA,2019.06
BDCQ.SF2AA3CA,2019.09
BDCQ.SF2AA3CA,2019.12
BDCQ.SF2AA3CA,2020.03
BDCQ.SF2AA3CA,2020.06
BDCQ.SF2AA3CA,2020.09
BDCQ.SF2AA3CA,2020.12
BDCQ.SF2AA3CA,2021.03
BDCQ.SF2BB1CA,2016.06
BDCQ.SF2BB1CA,2016.09
BDCQ.SF2BB1CA,2016.12
BDCQ.SF2BB1CA,2017.03
BDCQ.SF2BB1CA,2017.06
BDCQ.SF2BB1CA,2017.09
BDCQ.SF2BB1CA,2017.12
BDCQ.SF2BB1CA,2018.03
BDCQ.SF2BB1CA,2018.06
BDCQ.SF2BB1CA,2018.09
BDCQ.SF2BB1CA,2018.12
BDCQ.SF2BB1CA,2019.03
BDCQ.SF2BB1CA,2019.06
BDCQ.SF2BB1CA,2019.09
BDCQ.SF2BB1CA,2019.12
BDCQ.SF2BB1CA,2020.03
BDCQ.SF2BB1CA,2020.06
BDCQ.SF2BB1CA,2020.09
BDCQ.SF2BB1CA,2020.12
BDCQ.SF2BB1CA,2021.03
BDCQ.SF2CC1CA,2016.06
BDCQ.SF2CC1CA,2016.09
BDCQ.SF2CC1CA,2016.12
BDCQ.SF2CC1CA,2017.03
BDCQ.SF2CC1CA,2017.06
BDCQ.SF2CC1CA,2017.09
BDCQ.SF2CC1CA,2017.12
BDCQ.SF2CC1CA,2018.03
BDCQ.SF2CC1CA,2018.06
BDCQ.SF2CC1CA,2018.09
BDCQ.SF2CC1CA,2018.12
BDCQ.SF2CC1CA,2019.03
BDCQ.SF2CC1CA,2019.06
BDCQ.SF2CC1CA,2019.09
BDCQ.SF2CC1CA,2019.12
BDCQ.SF2CC1CA,2020.03
BDCQ.SF2CC1CA,2020.06
BDCQ.SF2CC1CA,2020.09
BDCQ.SF2CC1CA,2020.12
BDCQ.SF2CC1CA,2021.03
BDCQ.SF2CC2CA,2016.06
BDCQ.SF2CC2CA,2016.09
BDCQ.SF2CC2CA,2016.12
BDCQ.SF2CC2CA,2017.03
BDCQ.SF2CC2CA,2017.06
BDCQ.SF2CC2CA,2017.09
BDCQ.SF2CC2CA,2017.12
BDCQ.SF2CC2CA,2018.03
BDCQ.SF2CC2CA,2018.06
BDCQ.SF2CC2CA,2018.09
BDCQ.SF2CC2CA,2018.12
BDCQ.SF2CC2CA,2019.03
BDCQ.SF2CC2CA,2019.06
BDCQ.SF2CC2CA,2019.09
BDCQ.SF2CC2CA,2019.12
BDCQ.SF2CC2CA,2020.03
BDCQ.SF2CC2CA,2020.06
BDCQ.SF2CC2CA,2020.09
BDCQ.SF2CC2CA,2020.12
BDCQ.SF2CC2CA,2021.03
BDCQ.SF2CC3CA,2016.06
BDCQ.SF2CC3CA,2016.09
BDCQ.SF2CC3CA,2016.12
BDCQ.SF2CC3CA,2017.03
BDCQ.SF2CC3CA,2017.06
BDCQ.SF2CC3CA,2017.09
BDCQ.SF2CC3CA,2017.12
BDCQ.SF2CC3CA,2018.03
BDCQ.SF2CC3CA,2018.06
BDCQ.SF2CC3CA,2018.09
BDCQ.SF2CC3CA,2018.12
BDCQ.SF2CC3CA,2019.03
BDCQ.SF2CC3CA,2019.06
BDCQ.SF2CC3CA,2019.09
BDCQ.SF2CC3CA,2019.12
BDCQ.SF2CC3CA,2020.03
BDCQ.SF2CC3CA,2020.06
BDCQ.SF2CC3CA,2020.09
BDCQ.SF2CC3CA,2020.12
BDCQ.SF2CC3CA,2021.03
BDCQ.SF2CC4CA,2016.06
BDCQ.SF2CC4CA,2016.09
BDCQ.SF2CC4CA,2016.12
BDCQ.SF2CC4CA,2017.03
BDCQ.SF2CC4CA,2017.06
BDCQ.SF2CC4CA,2017.09
BDCQ.SF2CC4CA,2017.12
BDCQ.SF2CC4CA,2018.03
BDCQ.SF2CC4CA,2018.06
BDCQ.SF2CC4CA,2018.09
BDCQ.SF2CC4CA,2018.12
BDCQ.SF2CC4CA,2019.03
BDCQ.SF2CC4CA,2019.06
BDCQ.SF2CC4CA,2019.09
BDCQ.SF2CC4CA,2019.12
BDCQ.SF2CC4CA,2020.03
BDCQ.SF2CC4CA,2020.06
BDCQ.SF2CC4CA,2020.09
BDCQ.SF2CC4CA,2020.12
BDCQ.SF2CC4CA,2021.03
BDCQ.SF2CC5CA,2016.06
BDCQ.SF2CC5CA,2016.09
BDCQ.SF2CC5CA,2016.12
BDCQ.SF2CC5CA,2017.03
BDCQ.SF2CC5CA,2017.06
BDCQ.SF2CC5CA,2017.09
BDCQ.SF2CC5CA,2017.12
BDCQ.SF2CC5CA,2018.03
BDCQ.SF2CC5CA,2018.06
BDCQ.SF2CC5CA,2018.09
BDCQ.SF2CC5CA,2018.12
BDCQ.SF2CC5CA,2019.03
BDCQ.SF2CC5CA,2019.06
BDCQ.SF2CC5CA,2019.09
BDCQ.SF2CC5CA,2019.12
BDCQ.SF2CC5CA,2020.03
BDCQ.SF2CC5CA,2020.06
BDCQ.SF2CC5CA,2020.09
BDCQ.SF2CC5CA,2020.12
BDCQ.SF2CC5CA,2021.03
BDCQ.SF2CC6CA,2016.06
BDCQ.SF2CC6CA,2016.09
BDCQ.SF2CC6CA,2016.12
BDCQ.SF2CC6CA,2017.03
BDCQ.SF2CC6CA,2017.06
BDCQ.SF2CC6CA,2017.09
BDCQ.SF2CC6CA,2017.12
BDCQ.SF2CC6CA,2018.03
BDCQ.SF2CC6CA,2018.06
BDCQ.SF2CC6CA,2018.09
BDCQ.SF2CC6CA,2018.12
BDCQ.SF2CC6CA,2019.03
BDCQ.SF2CC6CA,2019.06
BDCQ.SF2CC6CA,2019.09
BDCQ.SF2CC6CA,2019.12
BDCQ.SF2CC6CA,2020.03
BDCQ.SF2CC6CA,2020.06
BDCQ.SF2CC6CA,2020.09
BDCQ.SF2CC6CA,2020.12
BDCQ.SF2CC6CA,2021.03
BDCQ.SF2CC7CA,2016.06
BDCQ.SF2CC7CA,2016.09
BDCQ.SF2CC7CA,2016.12
BDCQ.SF2CC7CA,2017.03
BDCQ.SF2CC7CA,2017.06
BDCQ.SF2CC7CA,2017.09
BDCQ.SF2CC7CA,2017.12
BDCQ.SF2CC7CA,2018.03
BDCQ.SF2CC7CA,2018.06
BDCQ.SF2CC7CA,2018.09
BDCQ.SF2CC7CA,2018.12
BDCQ.SF2CC7CA,2019.03
BDCQ.SF2CC7CA,2019.06
BDCQ.SF2CC7CA,2019.09
BDCQ.SF2CC7CA,2019.12
BDCQ.SF2CC7CA,2020.03
BDCQ.SF2CC7CA,2020.06
BDCQ.SF2CC7CA,2020.09
BDCQ.SF2CC7CA,2020.12
BDCQ.SF2CC7CA,2021.03
BDCQ.SF2CC8CA,2016.06
BDCQ.SF2CC8CA,2016.09
BDCQ.SF2CC8CA,2016.12
BDCQ.SF2CC8CA,2017.03
BDCQ.SF2CC8CA,2017.06
BDCQ.SF2CC8CA,2017.09
BDCQ.SF2CC8CA,2017.12
BDCQ.SF2CC8CA,2018.03
BDCQ.SF2CC8CA,2018.06
BDCQ.SF2CC8CA,2018.09
BDCQ.SF2CC8CA,2018.12
BDCQ.SF2CC8CA,2019.03
BDCQ.SF2CC8CA,2019.06
BDCQ.SF2CC8CA,2019.09
BDCQ.SF2CC8CA,2019.12
BDCQ.SF2CC8CA,2020.03
BDCQ.SF2CC8CA,2020.06
BDCQ.SF2CC8CA,2020.09
BDCQ.SF2CC8CA,2020.12
BDCQ.SF2CC8CA,2021.03
BDCQ.SF2CC9CA,2016.06
BDCQ.SF2CC9CA,2016.09
BDCQ.SF2CC9CA,2016.12
BDCQ.SF2CC9CA,2017.03
BDCQ.SF2CC9CA,2017.06
BDCQ.SF2CC9CA,2017.09
BDCQ.SF2CC9CA,2017.12
BDCQ.SF2CC9CA,2018.03
BDCQ.SF2CC9CA,2018.06
BDCQ.SF2CC9CA,2018.09
BDCQ.SF2CC9CA,2018.12
BDCQ.SF2CC9CA,2019.03
BDCQ.SF2CC9CA,2019.06
BDCQ.SF2CC9CA,2019.09
BDCQ.SF2CC9CA,2019.12
BDCQ.SF2CC9CA,2020.03
BDCQ.SF2CC9CA,2020.06
BDCQ.SF2CC9CA,2020.09
BDCQ.SF2CC9CA,2020.12
BDCQ.SF2CC9CA,2021.03
BDCQ.SF2DD1CA,2016.06
BDCQ.SF2DD1CA,2016.09
BDCQ.SF2DD1CA,2016.12
BDCQ.SF2DD1CA,2017.03
BDCQ.SF2DD1CA,2017.06
BDCQ.SF2DD1CA,2017.09
BDCQ.SF2DD1CA,2017.12
BDCQ.SF2DD1CA,2018.03
BDCQ.SF2DD1CA,2018.06
BDCQ.SF2DD1CA,2018.09
BDCQ.SF2DD1CA,2018.12
BDCQ.SF2DD1CA,2019.03
BDCQ.SF2DD1CA,2019.06
BDCQ.SF2DD1CA,2019.09
BDCQ.SF2DD1CA,2019.12
BDCQ.SF2DD1CA,2020.03
BDCQ.SF2DD1CA,2020.06
BDCQ.SF2DD1CA,2020.09
BDCQ.SF2DD1CA,2020.12
BDCQ.SF2DD1CA,2021.03
BDCQ.SF2EE1CA,2016.06
BDCQ.SF2EE1CA,2016.09
BDCQ.SF2EE1CA,2016.12
BDCQ.SF2EE1CA,2017.03
BDCQ.SF2EE1CA,2017.06
BDCQ.SF2EE1CA,2017.09
BDCQ.SF2EE1CA,2017.12
BDCQ.SF2EE1CA,2018.03
BDCQ.SF2EE1CA,2018.06
BDCQ.SF2EE1CA,2018.09
BDCQ.SF2EE1CA,2018.12
BDCQ.SF2EE1CA,2019.03
BDCQ.SF2EE1CA,2019.06
BDCQ.SF2EE1CA,2019.09
BDCQ.SF2EE1CA,2019.12
BDCQ.SF2EE1CA,2020.03
BDCQ.SF2EE1CA,2020.06
BDCQ.SF2EE1CA,2020.09
BDCQ.SF2EE1CA,2020.12
BDCQ.SF2EE1CA,2021.03
BDCQ.SF2FF1CA,2016.06
BDCQ.SF2FF1CA,2016.09
BDCQ.SF2FF1CA,2016.12
BDCQ.SF2FF1CA,2017.03
BDCQ.SF2FF1CA,2017.06
BDCQ.SF2FF1CA,2017.09
BDCQ.SF2FF1CA,2017.12
BDCQ.SF2FF1CA,2018.03
BDCQ.SF2FF1CA,2018.06
BDCQ.SF2FF1CA,2018.09
BDCQ.SF2FF1CA,2018.12
BDCQ.SF2FF1CA,2019.03
BDCQ.SF2FF1CA,2019.06
BDCQ.SF2FF1CA,2019.09
BDCQ.SF2FF1CA,2019.12
BDCQ.SF2FF1CA,2020.03
BDCQ.SF2FF1CA,2020.06
BDCQ.SF2FF1CA,2020.09
BDCQ.SF2FF1CA,2020.12
BDCQ.SF2FF1CA,2021.03
BDCQ.SF2GH1CA,2017.09
BDCQ.SF2GH1CA,2017.12
BDCQ.SF2GH1CA,2018.03
BDCQ.SF2GH1CA,2018.06
BDCQ.SF2GH1CA,2018.09
BDCQ.SF2GH1CA,2018.12
BDCQ.SF2GH1CA,2019.03
BDCQ.SF2GH1CA,2019.06
BDCQ.SF2GH1CA,2019.09
BDCQ.SF2GH1CA,2019.12
BDCQ.SF2GH1CA,2020.03
BDCQ.SF2GH1CA,2020.06
BDCQ.SF2GH1CA,2020.09
BDCQ.SF2GH1CA,2020.12
BDCQ.SF2GH1CA,2021.03
BDCQ.SF2GH2CA,2017.09
BDCQ.SF2GH2CA,2017.12
BDCQ.SF2GH2CA,2018.03
BDCQ.SF2GH2CA,2018.06
BDCQ.SF2GH2CA,2018.09
BDCQ.SF2GH2CA,2018.12
BDCQ.SF2GH2CA,2019.03
BDCQ.SF2GH2CA,2019.06
BDCQ.SF2GH2CA,2019.09
BDCQ.SF2GH2CA,2019.12
BDCQ.SF2GH2CA,2020.03
BDCQ.SF2GH2CA,2020.06
BDCQ.SF2GH2CA,2020.09
BDCQ.SF2GH2CA,2020.12
BDCQ.SF2GH2CA,2021.03
BDCQ.SF2II1CA,2016.06
BDCQ.SF2II1CA,2016.09
BDCQ.SF2II1CA,2016.12
BDCQ.SF2II1CA,2017.03
BDCQ.SF2II1CA,2017.06
BDCQ.SF2II1CA,2017.09
BDCQ.SF2II1CA,2017.12
BDCQ.SF2II1CA,2018.03
BDCQ.SF2II1CA,2018.06
BDCQ.SF2II1CA,2018.09
BDCQ.SF2II1CA,2018.12
BDCQ.SF2II1CA,2019.03
BDCQ.SF2II1CA,2019.06
BDCQ.SF2II1CA,2019.09
BDCQ.SF2II1CA,2019.12
BDCQ.SF2II1CA,2020.03
BDCQ.SF2II1CA,2020.06
BDCQ.SF2II1CA,2020.09
BDCQ.SF2II1CA,2020.12
BDCQ.SF2II1CA,2021.03
BDCQ.SF2JJ1CA,2016.06
BDCQ.SF2JJ1CA,2016.09
BDCQ.SF2JJ1CA,2016.12
BDCQ.SF2JJ1CA,2017.03
BDCQ.SF2JJ1CA,2017.06
BDCQ.SF2JJ1CA,2017.09
BDCQ.SF2JJ1CA,2017.12
BDCQ.SF2JJ1CA,2018.03
BDCQ.SF2JJ1CA,2018.06
BDCQ.SF2JJ1CA,2018.09
BDCQ.SF2JJ1CA,2018.12
BDCQ.SF2JJ1CA,2019.03
BDCQ.SF2JJ1CA,2019.06
BDCQ.SF2JJ1CA,2019.09
BDCQ.SF2JJ1CA,2019.12
BDCQ.SF2JJ1CA,2020.03
BDCQ.SF2JJ1CA,2020.06
BDCQ.SF2JJ1CA,2020.09
BDCQ.SF2JJ1CA,2020.12
BDCQ.SF2JJ1CA,2021.03
BDCQ.SF2LL1CA,2016.06
BDCQ.SF2LL1CA,2016.09
BDCQ.SF2LL1CA,2016.12
BDCQ.SF2LL1CA,2017.03
BDCQ.SF2LL1CA,2017.06
BDCQ.SF2LL1CA,2017.09
BDCQ.SF2LL1CA,2017.12
BDCQ.SF2LL1CA,2018.03
BDCQ.SF2LL1CA,2018.06
BDCQ.SF2LL1CA,2018.09
BDCQ.SF2LL1CA,2018.12
BDCQ.SF2LL1CA,2019.03
BDCQ.SF2LL1CA,2019.06
BDCQ.SF2LL1CA,2019.09
BDCQ.SF2LL1CA,2019.12
BDCQ.SF2LL1CA,2020.03
BDCQ.SF2LL1CA,2020.06
BDCQ.SF2LL1CA,2020.09
BDCQ.SF2LL1CA,2020.12
BDCQ.SF2LL1CA,2021.03
BDCQ.SF2MN1CA,2016.06
BDCQ.SF2MN1CA,2016.09
BDCQ.SF2MN1CA,2016.12
BDCQ.SF2MN1CA,2017.03
BDCQ.SF2MN1CA,2017.06
BDCQ.SF2MN1CA,2017.09
BDCQ.SF2MN1CA,2017.12
BDCQ.SF2MN1CA,2018.03
BDCQ.SF2MN1CA,2018.06
BDCQ.SF2MN1CA,2018.09
BDCQ.SF2MN1CA,2018.12
BDCQ.SF2MN1CA,2019.03
BDCQ.SF2MN1CA,2019.06
BDCQ.SF2MN1CA,2019.09
BDCQ.SF2MN1CA,2019.12
BDCQ.SF2MN1CA,2020.03
BDCQ.SF2MN1CA,2020.06
BDCQ.SF2MN1CA,2020.09
BDCQ.SF2MN1CA,2020.12
BDCQ.SF2MN1CA,2021.03
BDCQ.SF2MN2CA,2016.06
BDCQ.SF2MN2CA,2016.09
BDCQ.SF2MN2CA,2016.12
BDCQ.SF2MN2CA,2017.03
BDCQ.SF2MN2CA,2017.06
BDCQ.SF2MN2CA,2017.09
BDCQ.SF2MN2CA,2017.12
BDCQ.SF2MN2CA,2018.03
BDCQ.SF2MN2CA,2018.06
BDCQ.SF2MN2CA,2018.09
BDCQ.SF2MN2CA,2018.12
BDCQ.SF2MN2CA,2019.03
BDCQ.SF2MN2CA,2019.06
BDCQ.SF2MN2CA,2019.09
BDCQ.SF2MN2CA,2019.12
BDCQ.SF2MN2CA,2020.03
BDCQ.SF2MN2CA,2020.06
BDCQ.SF2MN2CA,2020.09
BDCQ.SF2MN2CA,2020.12
BDCQ.SF2MN2CA,2021.03
BDCQ.SF2PP1CA,2016.06
BDCQ.SF2PP1CA,2016.09
BDCQ.SF2PP1CA,2016.12
BDCQ.SF2PP1CA,2017.03
BDCQ.SF2PP1CA,2017.06
BDCQ.SF2PP1CA,2017.09
BDCQ.SF2PP1CA,2017.12
BDCQ.SF2PP1CA,2018.03
BDCQ.SF2PP1CA,2018.06
BDCQ.SF2PP1CA,2018.09
BDCQ.SF2PP1CA,2018.12
BDCQ.SF2PP1CA,2019.03
BDCQ.SF2PP1CA,2019.06
BDCQ.SF2PP1CA,2019.09
BDCQ.SF2PP1CA,2019.12
BDCQ.SF2PP1CA,2020.03
BDCQ.SF2PP1CA,2020.06
BDCQ.SF2PP1CA,2020.09
BDCQ.SF2PP1CA,2020.12
BDCQ.SF2PP1CA,2021.03
BDCQ.SF2QQ1CA,2016.06
BDCQ.SF2QQ1CA,2016.09
BDCQ.SF2QQ1CA,2016.12
BDCQ.SF2QQ1CA,2017.03
BDCQ.SF2QQ1CA,2017.06
BDCQ.SF2QQ1CA,2017.09
BDCQ.SF2QQ1CA,2017.12
BDCQ.SF2QQ1CA,2018.03
BDCQ.SF2QQ1CA,2018.06
BDCQ.SF2QQ1CA,2018.09
BDCQ.SF2QQ1CA,2018.12
BDCQ.SF2QQ1CA,2019.03
BDCQ.SF2QQ1CA,2019.06
BDCQ.SF2QQ1CA,2019.09
BDCQ.SF2QQ1CA,2019.12
BDCQ.SF2QQ1CA,2020.03
BDCQ.SF2QQ1CA,2020.06
BDCQ.SF2QQ1CA,2020.09
BDCQ.SF2QQ1CA,2020.12
BDCQ.SF2QQ1CA,2021.03
BDCQ.SF2RS1CA,2016.06
BDCQ.SF2RS1CA,2016.09
BDCQ.SF2RS1CA,2016.12
BDCQ.SF2RS1CA,2017.03
BDCQ.SF2RS1CA,2017.06
BDCQ.SF2RS1CA,2017.09
BDCQ.SF2RS1CA,2017.12
BDCQ.SF2RS1CA,2018.03
BDCQ.SF2RS1CA,2018.06
BDCQ.SF2RS1CA,2018.09
BDCQ.SF2RS1CA,2018.12
BDCQ.SF2RS1CA,2019.03
BDCQ.SF2RS1CA,2019.06
BDCQ.SF2RS1CA,2019.09
BDCQ.SF2RS1CA,2019.12
BDCQ.SF2RS1CA,2020.03
BDCQ.SF2RS1CA,2020.06
BDCQ.SF2RS1CA,2020.09
BDCQ.SF2RS1CA,2020.12
BDCQ.SF2RS1CA,2021.03
BDCQ.SF2RS2CA,2016.06
BDCQ.SF2RS2CA,2016.09
BDCQ.SF2RS2CA,2016.12
BDCQ.SF2RS2CA,2017.03
BDCQ.SF2RS2CA,2017.06
BDCQ.SF2RS2CA,2017.09
BDCQ.SF2RS2CA,2017.12
BDCQ.SF2RS2CA,2018.03
BDCQ.SF2RS2CA,2018.06
BDCQ.SF2RS2CA,2018.09
BDCQ.SF2RS2CA,2018.12
BDCQ.SF2RS2CA,2019.03
BDCQ.SF2RS2CA,2019.06
BDCQ.SF2RS2CA,2019.09
BDCQ.SF2RS2CA,2019.12
BDCQ.SF2RS2CA,2020.03
BDCQ.SF2RS2CA,2020.06
BDCQ.SF2RS2CA,2020.09
BDCQ.SF2RS2CA,2020.12
BDCQ.SF2RS2CA,2021.03
BDCQ.SF3AA2CA,2016.06
BDCQ.SF3AA2CA,2016.09
BDCQ.SF3AA2CA,2016.12
BDCQ.SF3AA2CA,2017.03
BDCQ.SF3AA2CA,2017.06
BDCQ.SF3AA2CA,2017.09
BDCQ.SF3AA2CA,2017.12
BDCQ.SF3AA2CA,2018.03
BDCQ.SF3AA2CA,2018.06
BDCQ.SF3AA2CA,2018.09
BDCQ.SF3AA2CA,2018.12
BDCQ.SF3AA2CA,2019.03
BDCQ.SF3AA2CA,2019.06
BDCQ.SF3AA2CA,2019.09
BDCQ.SF3AA2CA,2019.12
BDCQ.SF3AA2CA,2020.03
BDCQ.SF3AA2CA,2020.06
BDCQ.SF3AA2CA,2020.09
BDCQ.SF3AA2CA,2020.12
BDCQ.SF3AA2CA,2021.03
BDCQ.SF3AA3CA,2016.06
BDCQ.SF3AA3CA,2016.09
BDCQ.SF3AA3CA,2016.12
BDCQ.SF3AA3CA,2017.03
BDCQ.SF3AA3CA,2017.06
BDCQ.SF3AA3CA,2017.09
BDCQ.SF3AA3CA,2017.12
BDCQ.SF3AA3CA,2018.03
BDCQ.SF3AA3CA,2018.06
BDCQ.SF3AA3CA,2018.09
BDCQ.SF3AA3CA,2018.12
BDCQ.SF3AA3CA,2019.03
BDCQ.SF3AA3CA,2019.06
BDCQ.SF3AA3CA,2019.09
BDCQ.SF3AA3CA,2019.12
BDCQ.SF3AA3CA,2020.03
BDCQ.SF3AA3CA,2020.06
BDCQ.SF3AA3CA,2020.09
BDCQ.SF3AA3CA,2020.12
BDCQ.SF3AA3CA,2021.03
BDCQ.SF3BB1CA,2016.06
BDCQ.SF3BB1CA,2016.09
BDCQ.SF3BB1CA,2016.12
BDCQ.SF3BB1CA,2017.03
BDCQ.SF3BB1CA,2017.06
BDCQ.SF3BB1CA,2017.09
BDCQ.SF3BB1CA,2017.12
BDCQ.SF3BB1CA,2018.03
BDCQ.SF3BB1CA,2018.06
BDCQ.SF3BB1CA,2018.09
BDCQ.SF3BB1CA,2018.12
BDCQ.SF3BB1CA,2019.03
BDCQ.SF3BB1CA,2019.06
BDCQ.SF3BB1CA,2019.09
BDCQ.SF3BB1CA,2019.12
BDCQ.SF3BB1CA,2020.03
BDCQ.SF3BB1CA,2020.06
BDCQ.SF3BB1CA,2020.09
BDCQ.SF3BB1CA,2020.12
BDCQ.SF3BB1CA,2021.03
BDCQ.SF3CC1CA,2016.06
BDCQ.SF3CC1CA,2016.09
BDCQ.SF3CC1CA,2016.12
BDCQ.SF3CC1CA,2017.03
BDCQ.SF3CC1CA,2017.06
BDCQ.SF3CC1CA,2017.09
BDCQ.SF3CC1CA,2017.12
BDCQ.SF3CC1CA,2018.03
BDCQ.SF3CC1CA,2018.06
BDCQ.SF3CC1CA,2018.09
BDCQ.SF3CC1CA,2018.12
BDCQ.SF3CC1CA,2019.03
BDCQ.SF3CC1CA,2019.06
BDCQ.SF3CC1CA,2019.09
BDCQ.SF3CC1CA,2019.12
BDCQ.SF3CC1CA,2020.03
BDCQ.SF3CC1CA,2020.06
BDCQ.SF3CC1CA,2020.09
BDCQ.SF3CC1CA,2020.12
BDCQ.SF3CC1CA,2021.03
BDCQ.SF3CC2CA,2016.06
BDCQ.SF3CC2CA,2016.09
BDCQ.SF3CC2CA,2016.12
BDCQ.SF3CC2CA,2017.03
BDCQ.SF3CC2CA,2017.06
BDCQ.SF3CC2CA,2017.09
BDCQ.SF3CC2CA,2017.12
BDCQ.SF3CC2CA,2018.03
BDCQ.SF3CC2CA,2018.06
BDCQ.SF3CC2CA,2018.09
BDCQ.SF3CC2CA,2018.12
BDCQ.SF3CC2CA,2019.03
BDCQ.SF3CC2CA,2019.06
BDCQ.SF3CC2CA,2019.09
BDCQ.SF3CC2CA,2019.12
BDCQ.SF3CC2CA,2020.03
BDCQ.SF3CC2CA,2020.06
BDCQ.SF3CC2CA,2020.09
BDCQ.SF3CC2CA,2020.12
BDCQ.SF3CC2CA,2021.03
BDCQ.SF3CC3CA,2016.06
BDCQ.SF3CC3CA,2016.09
BDCQ.SF3CC3CA,2016.12
BDCQ.SF3CC3CA,2017.03
BDCQ.SF3CC3CA,2017.06
BDCQ.SF3CC3CA,2017.09
BDCQ.SF3CC3CA,2017.12
BDCQ.SF3CC3CA,2018.03
BDCQ.SF3CC3CA,2018.06
BDCQ.SF3CC3CA,2018.09
BDCQ.SF3CC3CA,2018.12
BDCQ.SF3CC3CA,2019.03
BDCQ.SF3CC3CA,2019.06
BDCQ.SF3CC3CA,2019.09
BDCQ.SF3CC3CA,2019.12
BDCQ.SF3CC3CA,2020.03
BDCQ.SF3CC3CA,2020.06
BDCQ.SF3CC3CA,2020.09
BDCQ.SF3CC3CA,2020.12
BDCQ.SF3CC3CA,2021.03
BDCQ.SF3CC4CA,2016.06
BDCQ.SF3CC4CA,2016.09
BDCQ.SF3CC4CA,2016.12
BDCQ.SF3CC4CA,2017.03
BDCQ.SF3CC4CA,2017.06
BDCQ.SF3CC4CA,2017.09
BDCQ.SF3CC4CA,2017.12
BDCQ.SF3CC4CA,2018.03
BDCQ.SF3CC4CA,2018.06
BDCQ.SF3CC4CA,2018.09
BDCQ.SF3CC4CA,2018.12
BDCQ.SF3CC4CA,2019.03
BDCQ.SF3CC4CA,2019.06
BDCQ.SF3CC4CA,2019.09
BDCQ.SF3CC4CA,2019.12
BDCQ.SF3CC4CA,2020.03
BDCQ.SF3CC4CA,2020.06
BDCQ.SF3CC4CA,2020.09
BDCQ.SF3CC4CA,2020.12
BDCQ.SF3CC4CA,2021.03
BDCQ.SF3CC5CA,2016.06
BDCQ.SF3CC5CA,2016.09
BDCQ.SF3CC5CA,2016.12
BDCQ.SF3CC5CA,2017.03
BDCQ.SF3CC5CA,2017.06
BDCQ.SF3CC5CA,2017.09
BDCQ.SF3CC5CA,2017.12
BDCQ.SF3CC5CA,2018.03
BDCQ.SF3CC5CA,2018.06
BDCQ.SF3CC5CA,2018.09
BDCQ.SF3CC5CA,2018.12
BDCQ.SF3CC5CA,2019.03
BDCQ.SF3CC5CA,2019.06
BDCQ.SF3CC5CA,2019.09
BDCQ.SF3CC5CA,2019.12
BDCQ.SF3CC5CA,2020.03
BDCQ.SF3CC5CA,2020.06
BDCQ.SF3CC5CA,2020.09
BDCQ.SF3CC5CA,2020.12
BDCQ.SF3CC5CA,2021.03
BDCQ.SF3CC6CA,2016.06
BDCQ.SF3CC6CA,2016.09
BDCQ.SF3CC6CA,2016.12
BDCQ.SF3CC6CA,2017.03
BDCQ.SF3CC6CA,2017.06
BDCQ.SF3CC6CA,2017.09
BDCQ.SF3CC6CA,2017.12
BDCQ.SF3CC6CA,2018.03
BDCQ.SF3CC6CA,2018.06
BDCQ.SF3CC6CA,2018.09
BDCQ.SF3CC6CA,2018.12
BDCQ.SF3CC6CA,2019.03
BDCQ.SF3CC6CA,2019.06
BDCQ.SF3CC6CA,2019.09
BDCQ.SF3CC6CA,2019.12
BDCQ.SF3CC6CA,2020.03
BDCQ.SF3CC6CA,2020.06
BDCQ.SF3CC6CA,2020.09
BDCQ.SF3CC6CA,2020.12
BDCQ.SF3CC6CA,2021.03
BDCQ.SF3CC7CA,2016.06
BDCQ.SF3CC7CA,2016.09
BDCQ.SF3CC7CA,2016.12
BDCQ.SF3CC7CA,2017.03
BDCQ.SF3CC7CA,2017.06
BDCQ.SF3CC7CA,2017.09
BDCQ.SF3CC7CA,2017.12
BDCQ.SF3CC7CA,2018.03
BDCQ.SF3CC7CA,2018.06
BDCQ.SF3CC7CA,2018.09
BDCQ.SF3CC7CA,2018.12
BDCQ.SF3CC7CA,2019.03
BDCQ.SF3CC7CA,2019.06
BDCQ.SF3CC7CA,2019.09
BDCQ.SF3CC7CA,2019.12
BDCQ.SF3CC7CA,2020.03
BDCQ.SF3CC7CA,2020.06
BDCQ.SF3CC7CA,2020.09
BDCQ.SF3CC7CA,2020.12
BDCQ.SF3CC7CA,2021.03
BDCQ.SF3CC8CA,2016.06
BDCQ.SF3CC8CA,2016.09
BDCQ.SF3CC8CA,2016.12
BDCQ.SF3CC8CA,2017.03
BDCQ.SF3CC8CA,2017.06
BDCQ.SF3CC8CA,2017.09
BDCQ.SF3CC8CA,2017.12
BDCQ.SF3CC8CA,2018.03
BDCQ.SF3CC8CA,2018.06
BDCQ.SF3CC8CA,2018.09
BDCQ.SF3CC8CA,2018.12
BDCQ.SF3CC8CA,2019.03
BDCQ.SF3CC8CA,2019.06
BDCQ.SF3CC8CA,2019.09
BDCQ.SF3CC8CA,2019.12
BDCQ.SF3CC8CA,2020.03
BDCQ.SF3CC8CA,2020.06
BDCQ.SF3CC8CA,2020.09
BDCQ.SF3CC8CA,2020.12
BDCQ.SF3CC8CA,2021.03
BDCQ.SF3CC9CA,2016.06
BDCQ.SF3CC9CA,2016.09
BDCQ.SF3CC9CA,2016.12
BDCQ.SF3CC9CA,2017.03
BDCQ.SF3CC9CA,2017.06
BDCQ.SF3CC9CA,2017.09
BDCQ.SF3CC9CA,2017.12
BDCQ.SF3CC9CA,2018.03
BDCQ.SF3CC9CA,2018.06
BDCQ.SF3CC9CA,2018.09
BDCQ.SF3CC9CA,2018.12
BDCQ.SF3CC9CA,2019.03
BDCQ.SF3CC9CA,2019.06
BDCQ.SF3CC9CA,2019.09
BDCQ.SF3CC9CA,2019.12
BDCQ.SF3CC9CA,2020.03
BDCQ.SF3CC9CA,2020.06
BDCQ.SF3CC9CA,2020.09
BDCQ.SF3CC9CA,2020.12
BDCQ.SF3CC9CA,2021.03
BDCQ.SF3DD1CA,2016.06
BDCQ.SF3DD1CA,2016.09
BDCQ.SF3DD1CA,2016.12
BDCQ.SF3DD1CA,2017.03
BDCQ.SF3DD1CA,2017.06
BDCQ.SF3DD1CA,2017.09
BDCQ.SF3DD1CA,2017.12
BDCQ.SF3DD1CA,2018.03
BDCQ.SF3DD1CA,2018.06
BDCQ.SF3DD1CA,2018.09
BDCQ.SF3DD1CA,2018.12
BDCQ.SF3DD1CA,2019.03
BDCQ.SF3DD1CA,2019.06
BDCQ.SF3DD1CA,2019.09
BDCQ.SF3DD1CA,2019.12
BDCQ.SF3DD1CA,2020.03
BDCQ.SF3DD1CA,2020.06
BDCQ.SF3DD1CA,2020.09
BDCQ.SF3DD1CA,2020.12
BDCQ.SF3DD1CA,2021.03
BDCQ.SF3EE1CA,2016.06
BDCQ.SF3EE1CA,2016.09
BDCQ.SF3EE1CA,2016.12
BDCQ.SF3EE1CA,2017.03
BDCQ.SF3EE1CA,2017.06
BDCQ.SF3EE1CA,2017.09
BDCQ.SF3EE1CA,2017.12
BDCQ.SF3EE1CA,2018.03
BDCQ.SF3EE1CA,2018.06
BDCQ.SF3EE1CA,2018.09
BDCQ.SF3EE1CA,2018.12
BDCQ.SF3EE1CA,2019.03
BDCQ.SF3EE1CA,2019.06
BDCQ.SF3EE1CA,2019.09
BDCQ.SF3EE1CA,2019.12
BDCQ.SF3EE1CA,2020.03
BDCQ.SF3EE1CA,2020.06
BDCQ.SF3EE1CA,2020.09
BDCQ.SF3EE1CA,2020.12
BDCQ.SF3EE1CA,2021.03
BDCQ.SF3FF1CA,2016.06
BDCQ.SF3FF1CA,2016.09
BDCQ.SF3FF1CA,2016.12
BDCQ.SF3FF1CA,2017.03
BDCQ.SF3FF1CA,2017.06
BDCQ.SF3FF1CA,2017.09
BDCQ.SF3FF1CA,2017.12
BDCQ.SF3FF1CA,2018.03
BDCQ.SF3FF1CA,2018.06
BDCQ.SF3FF1CA,2018.09
BDCQ.SF3FF1CA,2018.12
BDCQ.SF3FF1CA,2019.03
BDCQ.SF3FF1CA,2019.06
BDCQ.SF3FF1CA,2019.09
BDCQ.SF3FF1CA,2019.12
BDCQ.SF3FF1CA,2020.03
BDCQ.SF3FF1CA,2020.06
BDCQ.SF3FF1CA,2020.09
BDCQ.SF3FF1CA,2020.12
BDCQ.SF3FF1CA,2021.03
BDCQ.SF3GH1CA,2017.09
BDCQ.SF3GH1CA,2017.12
BDCQ.SF3GH1CA,2018.03
BDCQ.SF3GH1CA,2018.06
BDCQ.SF3GH1CA,2018.09
BDCQ.SF3GH1CA,2018.12
BDCQ.SF3GH1CA,2019.03
BDCQ.SF3GH1CA,2019.06
BDCQ.SF3GH1CA,2019.09
BDCQ.SF3GH1CA,2019.12
BDCQ.SF3GH1CA,2020.03
BDCQ.SF3GH1CA,2020.06
BDCQ.SF3GH1CA,2020.09
BDCQ.SF3GH1CA,2020.12
BDCQ.SF3GH1CA,2021.03
BDCQ.SF3GH2CA,2017.09
BDCQ.SF3GH2CA,2017.12
BDCQ.SF3GH2CA,2018.03
BDCQ.SF3GH2CA,2018.06
BDCQ.SF3GH2CA,2018.09
BDCQ.SF3GH2CA,2018.12
BDCQ.SF3GH2CA,2019.03
BDCQ.SF3GH2CA,2019.06
BDCQ.SF3GH2CA,2019.09
BDCQ.SF3GH2CA,2019.12
BDCQ.SF3GH2CA,2020.03
BDCQ.SF3GH2CA,2020.06
BDCQ.SF3GH2CA,2020.09
BDCQ.SF3GH2CA,2020.12
BDCQ.SF3GH2CA,2021.03
BDCQ.SF3II1CA,2016.06
BDCQ.SF3II1CA,2016.09
BDCQ.SF3II1CA,2016.12
BDCQ.SF3II1CA,2017.03
BDCQ.SF3II1CA,2017.06
BDCQ.SF3II1CA,2017.09
BDCQ.SF3II1CA,2017.12
BDCQ.SF3II1CA,2018.03
BDCQ.SF3II1CA,2018.06
BDCQ.SF3II1CA,2018.09
BDCQ.SF3II1CA,2018.12
BDCQ.SF3II1CA,2019.03
BDCQ.SF3II1CA,2019.06
BDCQ.SF3II1CA,2019.09
BDCQ.SF3II1CA,2019.12
BDCQ.SF3II1CA,2020.03
BDCQ.SF3II1CA,2020.06
BDCQ.SF3II1CA,2020.09
BDCQ.SF3II1CA,2020.12
BDCQ.SF3II1CA,2021.03
BDCQ.SF3JJ1CA,2016.06
BDCQ.SF3JJ1CA,2016.09
BDCQ.SF3JJ1CA,2016.12
BDCQ.SF3JJ1CA,2017.03
BDCQ.SF3JJ1CA,2017.06
BDCQ.SF3JJ1CA,2017.09
BDCQ.SF3JJ1CA,2017.12
BDCQ.SF3JJ1CA,2018.03
BDCQ.SF3JJ1CA,2018.06
BDCQ.SF3JJ1CA,2018.09
BDCQ.SF3JJ1CA,2018.12
BDCQ.SF3JJ1CA,2019.03
BDCQ.SF3JJ1CA,2019.06
BDCQ.SF3JJ1CA,2019.09
BDCQ.SF3JJ1CA,2019.12
BDCQ.SF3JJ1CA,2020.03
BDCQ.SF3JJ1CA,2020.06
BDCQ.SF3JJ1CA,2020.09
BDCQ.SF3JJ1CA,2020.12
BDCQ.SF3JJ1CA,2021.03
BDCQ.SF3LL1CA,2016.06
BDCQ.SF3LL1CA,2016.09
BDCQ.SF3LL1CA,2016.12
BDCQ.SF3LL1CA,2017.03
BDCQ.SF3LL1CA,2017.06
BDCQ.SF3LL1CA,2017.09
BDCQ.SF3LL1CA,2017.12
BDCQ.SF3LL1CA,2018.03
BDCQ.SF3LL1CA,2018.06
BDCQ.SF3LL1CA,2018.09
BDCQ.SF3LL1CA,2018.12
BDCQ.SF3LL1CA,2019.03
BDCQ.SF3LL1CA,2019.06
BDCQ.SF3LL1CA,2019.09
BDCQ.SF3LL1CA,2019.12
BDCQ.SF3LL1CA,2020.03
BDCQ.SF3LL1CA,2020.06
BDCQ.SF3LL1CA,2020.09
BDCQ.SF3LL1CA,2020.12
BDCQ.SF3LL1CA,2021.03
BDCQ.SF3MN1CA,2016.06
BDCQ.SF3MN1CA,2016.09
BDCQ.SF3MN1CA,2016.12
BDCQ.SF3MN1CA,2017.03
BDCQ.SF3MN1CA,2017.06
BDCQ.SF3MN1CA,2017.09
BDCQ.SF3MN1CA,2017.12
BDCQ.SF3MN1CA,2018.03
BDCQ.SF3MN1CA,2018.06
BDCQ.SF3MN1CA,2018.09
BDCQ.SF3MN1CA,2018.12
BDCQ.SF3MN1CA,2019.03
BDCQ.SF3MN1CA,2019.06
BDCQ.SF3MN1CA,2019.09
BDCQ.SF3MN1CA,2019.12
BDCQ.SF3MN1CA,2020.03
BDCQ.SF3MN1CA,2020.06
BDCQ.SF3MN1CA,2020.09
BDCQ.SF3MN1CA,2020.12
BDCQ.SF3MN1CA,2021.03
BDCQ.SF3MN2CA,2016.06
BDCQ.SF3MN2CA,2016.09
BDCQ.SF3MN2CA,2016.12
BDCQ.SF3MN2CA,2017.03
BDCQ.SF3MN2CA,2017.06
BDCQ.SF3MN2CA,2017.09
BDCQ.SF3MN2CA,2017.12
BDCQ.SF3MN2CA,2018.03
BDCQ.SF3MN2CA,2018.06
BDCQ.SF3MN2CA,2018.09
BDCQ.SF3MN2CA,2018.12
BDCQ.SF3MN2CA,2019.03
BDCQ.SF3MN2CA,2019.06
BDCQ.SF3MN2CA,2019.09
BDCQ.SF3MN2CA,2019.12
BDCQ.SF3MN2CA,2020.03
BDCQ.SF3MN2CA,2020.06
BDCQ.SF3MN2CA,2020.09
BDCQ.SF3MN2CA,2020.12
BDCQ.SF3MN2CA,2021.03
BDCQ.SF3PP1CA,2016.06
BDCQ.SF3PP1CA,2016.09
BDCQ.SF3PP1CA,2016.12
BDCQ.SF3PP1CA,2017.03
BDCQ.SF3PP1CA,2017.06
BDCQ.SF3PP1CA,2017.09
BDCQ.SF3PP1CA,2017.12
BDCQ.SF3PP1CA,2018.03
BDCQ.SF3PP1CA,2018.06
BDCQ.SF3PP1CA,2018.09
BDCQ.SF3PP1CA,2018.12
BDCQ.SF3PP1CA,2019.03
BDCQ.SF3PP1CA,2019.06
BDCQ.SF3PP1CA,2019.09
BDCQ.SF3PP1CA,2019.12
BDCQ.SF3PP1CA,2020.03
BDCQ.SF3PP1CA,2020.06
BDCQ.SF3PP1CA,2020.09
BDCQ.SF3PP1CA,2020.12
BDCQ.SF3PP1CA,2021.03
BDCQ.SF3QQ1CA,2016.06
BDCQ.SF3QQ1CA,2016.09
BDCQ.SF3QQ1CA,2016.12
BDCQ.SF3QQ1CA,2017.03
BDCQ.SF3QQ1CA,2017.06
BDCQ.SF3QQ1CA,2017.09
BDCQ.SF3QQ1CA,2017.12
BDCQ.SF3QQ1CA,2018.03
BDCQ.SF3QQ1CA,2018.06
BDCQ.SF3QQ1CA,2018.09
BDCQ.SF3QQ1CA,2018.12
BDCQ.SF3QQ1CA,2019.03
BDCQ.SF3QQ1CA,2019.06
BDCQ.SF3QQ1CA,2019.09
BDCQ.SF3QQ1CA,2019.12
BDCQ.SF3QQ1CA,2020.03
BDCQ.SF3QQ1CA,2020.06
BDCQ.SF3QQ1CA,2020.09
BDCQ.SF3QQ1CA,2020.12
BDCQ.SF3QQ1CA,2021.03
BDCQ.SF3RS1CA,2016.06
BDCQ.SF3RS1CA,2016.09
BDCQ.SF3RS1CA,2016.12
BDCQ.SF3RS1CA,2017.03
BDCQ.SF3RS1CA,2017.06
BDCQ.SF3RS1CA,2017.09
BDCQ.SF3RS1CA,2017.12
BDCQ.SF3RS1CA,2018.03
BDCQ.SF3RS1CA,2018.06
BDCQ.SF3RS1CA,2018.09
BDCQ.SF3RS1CA,2018.12
BDCQ.SF3RS1CA,2019.03
BDCQ.SF3RS1CA,2019.06
BDCQ.SF3RS1CA,2019.09
BDCQ.SF3RS1CA,2019.12
BDCQ.SF3RS1CA,2020.03
BDCQ.SF3RS1CA,2020.06
BDCQ.SF3RS1CA,2020.09
BDCQ.SF3RS1CA,2020.12
BDCQ.SF3RS1CA,2021.03
BDCQ.SF3RS2CA,2016.06
BDCQ.SF3RS2CA,2016.09
BDCQ.SF3RS2CA,2016.12
BDCQ.SF3RS2CA,2017.03
BDCQ.SF3RS2CA,2017.06
BDCQ.SF3RS2CA,2017.09
BDCQ.SF3RS2CA,2017.12
BDCQ.SF3RS2CA,2018.03
BDCQ.SF3RS2CA,2018.06
BDCQ.SF3RS2CA,2018.09
BDCQ.SF3RS2CA,2018.12
BDCQ.SF3RS2CA,2019.03
BDCQ.SF3RS2CA,2019.06
BDCQ.SF3RS2CA,2019.09
BDCQ.SF3RS2CA,2019.12
BDCQ.SF3RS2CA,2020.03
BDCQ.SF3RS2CA,2020.06
BDCQ.SF3RS2CA,2020.09
BDCQ.SF3RS2CA,2020.12
BDCQ.SF3RS2CA,2021.03
BDCQ.SF8AA2CA,2016.06
BDCQ.SF8AA2CA,2016.09
BDCQ.SF8AA2CA,2016.12
BDCQ.SF8AA2CA,2017.03
BDCQ.SF8AA2CA,2017.06
BDCQ.SF8AA2CA,2017.09
BDCQ.SF8AA2CA,2017.12
BDCQ.SF8AA2CA,2018.03
BDCQ.SF8AA2CA,2018.06
BDCQ.SF8AA2CA,2018.09
BDCQ.SF8AA2CA,2018.12
BDCQ.SF8AA2CA,2019.03
BDCQ.SF8AA2CA,2019.06
BDCQ.SF8AA2CA,2019.09
BDCQ.SF8AA2CA,2019.12
BDCQ.SF8AA2CA,2020.03
BDCQ.SF8AA2CA,2020.06
BDCQ.SF8AA2CA,2020.09
BDCQ.SF8AA2CA,2020.12
BDCQ.SF8AA2CA,2021.03
BDCQ.SF8AA3CA,2016.06
BDCQ.SF8AA3CA,2016.09
BDCQ.SF8AA3CA,2016.12
BDCQ.SF8AA3CA,2017.03
BDCQ.SF8AA3CA,2017.06
BDCQ.SF8AA3CA,2017.09
BDCQ.SF8AA3CA,2017.12
BDCQ.SF8AA3CA,2018.03
BDCQ.SF8AA3CA,2018.06
BDCQ.SF8AA3CA,2018.09
BDCQ.SF8AA3CA,2018.12
BDCQ.SF8AA3CA,2019.03
BDCQ.SF8AA3CA,2019.06
BDCQ.SF8AA3CA,2019.09
BDCQ.SF8AA3CA,2019.12
BDCQ.SF8AA3CA,2020.03
BDCQ.SF8AA3CA,2020.06
BDCQ.SF8AA3CA,2020.09
BDCQ.SF8AA3CA,2020.12
BDCQ.SF8AA3CA,2021.03
BDCQ.SF8BB1CA,2016.06
BDCQ.SF8BB1CA,2016.09
BDCQ.SF8BB1CA,2016.12
BDCQ.SF8BB1CA,2017.03
BDCQ.SF8BB1CA,2017.06
BDCQ.SF8BB1CA,2017.09
BDCQ.SF8BB1CA,2017.12
BDCQ.SF8BB1CA,2018.03
BDCQ.SF8BB1CA,2018.06
BDCQ.SF8BB1CA,2018.09
BDCQ.SF8BB1CA,2018.12
BDCQ.SF8BB1CA,2019.03
BDCQ.SF8BB1CA,2019.06
BDCQ.SF8BB1CA,2019.09
BDCQ.SF8BB1CA,2019.12
BDCQ.SF8BB1CA,2020.03
BDCQ.SF8BB1CA,2020.06
BDCQ.SF8BB1CA,2020.09
BDCQ.SF8BB1CA,2020.12
BDCQ.SF8BB1CA,2021.03
BDCQ.SF8CC1CA,2016.06
BDCQ.SF8CC1CA,2016.09
BDCQ.SF8CC1CA,2016.12
BDCQ.SF8CC1CA,2017.03
BDCQ.SF8CC1CA,2017.06
BDCQ.SF8CC1CA,2017.09
BDCQ.SF8CC1CA,2017.12
BDCQ.SF8CC1CA,2018.03
BDCQ.SF8CC1CA,2018.06
BDCQ.SF8CC1CA,2018.09
BDCQ.SF8CC1CA,2018.12
BDCQ.SF8CC1CA,2019.03
BDCQ.SF8CC1CA,2019.06
BDCQ.SF8CC1CA,2019.09
BDCQ.SF8CC1CA,2019.12
BDCQ.SF8CC1CA,2020.03
BDCQ.SF8CC1CA,2020.06
BDCQ.SF8CC1CA,2020.09
BDCQ.SF8CC1CA,2020.12
BDCQ.SF8CC1CA,2021.03
BDCQ.SF8CC2CA,2016.06
BDCQ.SF8CC2CA,2016.09
BDCQ.SF8CC2CA,2016.12
BDCQ.SF8CC2CA,2017.03
BDCQ.SF8CC2CA,2017.06
BDCQ.SF8CC2CA,2017.09
BDCQ.SF8CC2CA,2017.12
BDCQ.SF8CC2CA,2018.03
BDCQ.SF8CC2CA,2018.06
BDCQ.SF8CC2CA,2018.09
BDCQ.SF8CC2CA,2018.12
BDCQ.SF8CC2CA,2019.03
BDCQ.SF8CC2CA,2019.06
BDCQ.SF8CC2CA,2019.09
BDCQ.SF8CC2CA,2019.12
BDCQ.SF8CC2CA,2020.03
BDCQ.SF8CC2CA,2020.06
BDCQ.SF8CC2CA,2020.09
BDCQ.SF8CC2CA,2020.12
BDCQ.SF8CC2CA,2021.03
BDCQ.SF8CC3CA,2016.06
BDCQ.SF8CC3CA,2016.09
BDCQ.SF8CC3CA,2016.12
BDCQ.SF8CC3CA,2017.03
BDCQ.SF8CC3CA,2017.06
BDCQ.SF8CC3CA,2017.09
BDCQ.SF8CC3CA,2017.12
BDCQ.SF8CC3CA,2018.03
BDCQ.SF8CC3CA,2018.06
BDCQ.SF8CC3CA,2018.09
BDCQ.SF8CC3CA,2018.12
BDCQ.SF8CC3CA,2019.03
BDCQ.SF8CC3CA,2019.06
BDCQ.SF8CC3CA,2019.09
BDCQ.SF8CC3CA,2019.12
BDCQ.SF8CC3CA,2020.03
BDCQ.SF8CC3CA,2020.06
BDCQ.SF8CC3CA,2020.09
BDCQ.SF8CC3CA,2020.12
BDCQ.SF8CC3CA,2021.03
BDCQ.SF8CC4CA,2016.06
BDCQ.SF8CC4CA,2016.09
BDCQ.SF8CC4CA,2016.12
BDCQ.SF8CC4CA,2017.03
BDCQ.SF8CC4CA,2017.06
BDCQ.SF8CC4CA,2017.09
BDCQ.SF8CC4CA,2017.12
BDCQ.SF8CC4CA,2018.03
BDCQ.SF8CC4CA,2018.06
BDCQ.SF8CC4CA,2018.09
BDCQ.SF8CC4CA,2018.12
BDCQ.SF8CC4CA,2019.03
BDCQ.SF8CC4CA,2019.06
BDCQ.SF8CC4CA,2019.09
BDCQ.SF8CC4CA,2019.12
BDCQ.SF8CC4CA,2020.03
BDCQ.SF8CC4CA,2020.06
BDCQ.SF8CC4CA,2020.09
BDCQ.SF8CC4CA,2020.12
BDCQ.SF8CC4CA,2021.03
BDCQ.SF8CC5CA,2016.06
BDCQ.SF8CC5CA,2016.09
BDCQ.SF8CC5CA,2016.12
BDCQ.SF8CC5CA,2017.03
BDCQ.SF8CC5CA,2017.06
BDCQ.SF8CC5CA,2017.09
BDCQ.SF8CC5CA,2017.12
BDCQ.SF8CC5CA,2018.03
BDCQ.SF8CC5CA,2018.06
BDCQ.SF8CC5CA,2018.09
BDCQ.SF8CC5CA,2018.12
BDCQ.SF8CC5CA,2019.03
BDCQ.SF8CC5CA,2019.06
BDCQ.SF8CC5CA,2019.09
BDCQ.SF8CC5CA,2019.12
BDCQ.SF8CC5CA,2020.03
BDCQ.SF8CC5CA,2020.06
BDCQ.SF8CC5CA,2020.09
BDCQ.SF8CC5CA,2020.12
BDCQ.SF8CC5CA,2021.03
BDCQ.SF8CC6CA,2016.06
BDCQ.SF8CC6CA,2016.09
BDCQ.SF8CC6CA,2016.12
BDCQ.SF8CC6CA,2017.03
BDCQ.SF8CC6CA,2017.06
BDCQ.SF8CC6CA,2017.09
BDCQ.SF8CC6CA,2017.12
BDCQ.SF8CC6CA,2018.03
BDCQ.SF8CC6CA,2018.06
BDCQ.SF8CC6CA,2018.09
BDCQ.SF8CC6CA,2018.12
BDCQ.SF8CC6CA,2019.03
BDCQ.SF8CC6CA,2019.06
BDCQ.SF8CC6CA,2019.09
BDCQ.SF8CC6CA,2019.12
BDCQ.SF8CC6CA,2020.03
BDCQ.SF8CC6CA,2020.06
BDCQ.SF8CC6CA,2020.09
BDCQ.SF8CC6CA,2020.12
BDCQ.SF8CC6CA,2021.03
BDCQ.SF8CC7CA,2016.06
BDCQ.SF8CC7CA,2016.09
BDCQ.SF8CC7CA,2016.12
BDCQ.SF8CC7CA,2017.03
BDCQ.SF8CC7CA,2017.06
BDCQ.SF8CC7CA,2017.09
BDCQ.SF8CC7CA,2017.12
BDCQ.SF8CC7CA,2018.03
BDCQ.SF8CC7CA,2018.06
BDCQ.SF8CC7CA,2018.09
BDCQ.SF8CC7CA,2018.12
BDCQ.SF8CC7CA,2019.03
BDCQ.SF8CC7CA,2019.06
BDCQ.SF8CC7CA,2019.09
BDCQ.SF8CC7CA,2019.12
BDCQ.SF8CC7CA,2020.03
BDCQ.SF8CC7CA,2020.06
BDCQ.SF8CC7CA,2020.09
BDCQ.SF8CC7CA,2020.12
BDCQ.SF8CC7CA,2021.03
BDCQ.SF8CC8CA,2016.06
BDCQ.SF8CC8CA,2016.09
BDCQ.SF8CC8CA,2016.12
BDCQ.SF8CC8CA,2017.03
BDCQ.SF8CC8CA,2017.06
BDCQ.SF8CC8CA,2017.09
BDCQ.SF8CC8CA,2017.12
BDCQ.SF8CC8CA,2018.03
BDCQ.SF8CC8CA,2018.06
BDCQ.SF8CC8CA,2018.09
BDCQ.SF8CC8CA,2018.12
BDCQ.SF8CC8CA,2019.03
BDCQ.SF8CC8CA,2019.06
BDCQ.SF8CC8CA,2019.09
BDCQ.SF8CC8CA,2019.12
BDCQ.SF8CC8CA,2020.03
BDCQ.SF8CC8CA,2020.06
BDCQ.SF8CC8CA,2020.09
BDCQ.SF8CC8CA,2020.12
BDCQ.SF8CC8CA,2021.03
BDCQ.SF8CC9CA,2016.06
BDCQ.SF8CC9CA,2016.09
BDCQ.SF8CC9CA,2016.12
BDCQ.SF8CC9CA,2017.03
BDCQ.SF8CC9CA,2017.06
BDCQ.SF8CC9CA,2017.09
BDCQ.SF8CC9CA,2017.12
BDCQ.SF8CC9CA,2018.03
BDCQ.SF8CC9CA,2018.06
BDCQ.SF8CC9CA,2018.09
BDCQ.SF8CC9CA,2018.12
BDCQ.SF8CC9CA,2019.03
BDCQ.SF8CC9CA,2019.06
BDCQ.SF8CC9CA,2019.09
BDCQ.SF8CC9CA,2019.12
BDCQ.SF8CC9CA,2020.03
BDCQ.SF8CC9CA,2020.06
BDCQ.SF8CC9CA,2020.09
BDCQ.SF8CC9CA,2020.12
BDCQ.SF8CC9CA,2021.03
BDCQ.SF8DD1CA,2016.06
BDCQ.SF8DD1CA,2016.09
BDCQ.SF8DD1CA,2016.12
BDCQ.SF8DD1CA,2017.03
BDCQ.SF8DD1CA,2017.06
BDCQ.SF8DD1CA,2017.09
BDCQ.SF8DD1CA,2017.12
BDCQ.SF8DD1CA,2018.03
BDCQ.SF8DD1CA,2018.06
BDCQ.SF8DD1CA,2018.09
BDCQ.SF8DD1CA,2018.12
BDCQ.SF8DD1CA,2019.03
BDCQ.SF8DD1CA,2019.06
BDCQ.SF8DD1CA,2019.09
BDCQ.SF8DD1CA,2019.12
BDCQ.SF8DD1CA,2020.03
BDCQ.SF8DD1CA,2020.06
BDCQ.SF8DD1CA,2020.09
BDCQ.SF8DD1CA,2020.12
BDCQ.SF8DD1CA,2021.03
BDCQ.SF8EE1CA,2016.06
BDCQ.SF8EE1CA,2016.09
BDCQ.SF8EE1CA,2016.12
BDCQ.SF8EE1CA,2017.03
BDCQ.SF8EE1CA,2017.06
BDCQ.SF8EE1CA,2017.09
BDCQ.SF8EE1CA,2017.12
BDCQ.SF8EE1CA,2018.03
BDCQ.SF8EE1CA,2018.06
BDCQ.SF8EE1CA,2018.09
BDCQ.SF8EE1CA,2018.12
BDCQ.SF8EE1CA,2019.03
BDCQ.SF8EE1CA,2019.06
BDCQ.SF8EE1CA,2019.09
BDCQ.SF8EE1CA,2019.12
BDCQ.SF8EE1CA,2020.03
BDCQ.SF8EE1CA,2020.06
BDCQ.SF8EE1CA,2020.09
BDCQ.SF8EE1CA,2020.12
BDCQ.SF8EE1CA,2021.03
BDCQ.SF8FF1CA,2016.06
BDCQ.SF8FF1CA,2016.09
BDCQ.SF8FF1CA,2016.12
BDCQ.SF8FF1CA,2017.03
BDCQ.SF8FF1CA,2017.06
BDCQ.SF8FF1CA,2017.09
BDCQ.SF8FF1CA,2017.12
BDCQ.SF8FF1CA,2018.03
BDCQ.SF8FF1CA,2018.06
BDCQ.SF8FF1CA,2018.09
BDCQ.SF8FF1CA,2018.12
BDCQ.SF8FF1CA,2019.03
BDCQ.SF8FF1CA,2019.06
BDCQ.SF8FF1CA,2019.09
BDCQ.SF8FF1CA,2019.12
BDCQ.SF8FF1CA,2020.03
BDCQ.SF8FF1CA,2020.06
BDCQ.SF8FF1CA,2020.09
BDCQ.SF8FF1CA,2020.12
BDCQ.SF8FF1CA,2021.03
BDCQ.SF8GH1CA,2017.09
BDCQ.SF8GH1CA,2017.12
BDCQ.SF8GH1CA,2018.03
BDCQ.SF8GH1CA,2018.06
BDCQ.SF8GH1CA,2018.09
BDCQ.SF8GH1CA,2018.12
BDCQ.SF8GH1CA,2019.03
BDCQ.SF8GH1CA,2019.06
BDCQ.SF8GH1CA,2019.09
BDCQ.SF8GH1CA,2019.12
BDCQ.SF8GH1CA,2020.03
BDCQ.SF8GH1CA,2020.06
BDCQ.SF8GH1CA,2020.09
BDCQ.SF8GH1CA,2020.12
BDCQ.SF8GH1CA,2021.03
BDCQ.SF8GH2CA,2017.09
BDCQ.SF8GH2CA,2017.12
BDCQ.SF8GH2CA,2018.03
BDCQ.SF8GH2CA,2018.06
BDCQ.SF8GH2CA,2018.09
BDCQ.SF8GH2CA,2018.12
BDCQ.SF8GH2CA,2019.03
BDCQ.SF8GH2CA,2019.06
BDCQ.SF8GH2CA,2019.09
BDCQ.SF8GH2CA,2019.12
BDCQ.SF8GH2CA,2020.03
BDCQ.SF8GH2CA,2020.06
BDCQ.SF8GH2CA,2020.09
BDCQ.SF8GH2CA,2020.12
BDCQ.SF8GH2CA,2021.03
BDCQ.SF8II1CA,2016.06
BDCQ.SF8II1CA,2016.09
BDCQ.SF8II1CA,2016.12
BDCQ.SF8II1CA,2017.03
BDCQ.SF8II1CA,2017.06
BDCQ.SF8II1CA,2017.09
BDCQ.SF8II1CA,2017.12
BDCQ.SF8II1CA,2018.03
BDCQ.SF8II1CA,2018.06
BDCQ.SF8II1CA,2018.09
BDCQ.SF8II1CA,2018.12
BDCQ.SF8II1CA,2019.03
BDCQ.SF8II1CA,2019.06
BDCQ.SF8II1CA,2019.09
BDCQ.SF8II1CA,2019.12
BDCQ.SF8II1CA,2020.03
BDCQ.SF8II1CA,2020.06
BDCQ.SF8II1CA,2020.09
BDCQ.SF8II1CA,2020.12
BDCQ.SF8II1CA,2021.03
BDCQ.SF8JJ1CA,2016.06
BDCQ.SF8JJ1CA,2016.09
BDCQ.SF8JJ1CA,2016.12
BDCQ.SF8JJ1CA,2017.03
BDCQ.SF8JJ1CA,2017.06
BDCQ.SF8JJ1CA,2017.09
BDCQ.SF8JJ1CA,2017.12
BDCQ.SF8JJ1CA,2018.03
BDCQ.SF8JJ1CA,2018.06
BDCQ.SF8JJ1CA,2018.09
BDCQ.SF8JJ1CA,2018.12
BDCQ.SF8JJ1CA,2019.03
BDCQ.SF8JJ1CA,2019.06
BDCQ.SF8JJ1CA,2019.09
BDCQ.SF8JJ1CA,2019.12
BDCQ.SF8JJ1CA,2020.03
BDCQ.SF8JJ1CA,2020.06
BDCQ.SF8JJ1CA,2020.09
BDCQ.SF8JJ1CA,2020.12
BDCQ.SF8JJ1CA,2021.03
BDCQ.SF8LL1CA,2016.06
BDCQ.SF8LL1CA,2016.09
BDCQ.SF8LL1CA,2016.12
BDCQ.SF8LL1CA,2017.03
BDCQ.SF8LL1CA,2017.06
BDCQ.SF8LL1CA,2017.09
BDCQ.SF8LL1CA,2017.12
BDCQ.SF8LL1CA,2018.03
BDCQ.SF8LL1CA,2018.06
BDCQ.SF8LL1CA,2018.09
BDCQ.SF8LL1CA,2018.12
BDCQ.SF8LL1CA,2019.03
BDCQ.SF8LL1CA,2019.06
BDCQ.SF8LL1CA,2019.09
BDCQ.SF8LL1CA,2019.12
BDCQ.SF8LL1CA,2020.03
BDCQ.SF8LL1CA,2020.06
BDCQ.SF8LL1CA,2020.09
BDCQ.SF8LL1CA,2020.12
BDCQ.SF8LL1CA,2021.03
BDCQ.SF8MN1CA,2016.06
BDCQ.SF8MN1CA,2016.09
BDCQ.SF8MN1CA,2016.12
BDCQ.SF8MN1CA,2017.03
BDCQ.SF8MN1CA,2017.06
BDCQ.SF8MN1CA,2017.09
BDCQ.SF8MN1CA,2017.12
BDCQ.SF8MN1CA,2018.03
BDCQ.SF8MN1CA,2018.06
BDCQ.SF8MN1CA,2018.09
BDCQ.SF8MN1CA,2018.12
BDCQ.SF8MN1CA,2019.03
BDCQ.SF8MN1CA,2019.06
BDCQ.SF8MN1CA,2019.09
BDCQ.SF8MN1CA,2019.12
BDCQ.SF8MN1CA,2020.03
BDCQ.SF8MN1CA,2020.06
BDCQ.SF8MN1CA,2020.09
BDCQ.SF8MN1CA,2020.12
BDCQ.SF8MN1CA,2021.03
BDCQ.SF8MN2CA,2016.06
BDCQ.SF8MN2CA,2016.09
BDCQ.SF8MN2CA,2016.12
BDCQ.SF8MN2CA,2017.03
BDCQ.SF8MN2CA,2017.06
BDCQ.SF8MN2CA,2017.09
BDCQ.SF8MN2CA,2017.12
BDCQ.SF8MN2CA,2018.03
BDCQ.SF8MN2CA,2018.06
BDCQ.SF8MN2CA,2018.09
BDCQ.SF8MN2CA,2018.12
BDCQ.SF8MN2CA,2019.03
BDCQ.SF8MN2CA,2019.06
BDCQ.SF8MN2CA,2019.09
BDCQ.SF8MN2CA,2019.12
BDCQ.SF8MN2CA,2020.03
BDCQ.SF8MN2CA,2020.06
BDCQ.SF8MN2CA,2020.09
BDCQ.SF8MN2CA,2020.12
BDCQ.SF8MN2CA,2021.03
BDCQ.SF8PP1CA,2016.06
BDCQ.SF8PP1CA,2016.09
BDCQ.SF8PP1CA,2016.12
BDCQ.SF8PP1CA,2017.03
BDCQ.SF8PP1CA,2017.06
BDCQ.SF8PP1CA,2017.09
BDCQ.SF8PP1CA,2017.12
BDCQ.SF8PP1CA,2018.03
BDCQ.SF8PP1CA,2018.06
BDCQ.SF8PP1CA,2018.09
BDCQ.SF8PP1CA,2018.12
BDCQ.SF8PP1CA,2019.03
BDCQ.SF8PP1CA,2019.06
BDCQ.SF8PP1CA,2019.09
BDCQ.SF8PP1CA,2019.12
BDCQ.SF8PP1CA,2020.03
BDCQ.SF8PP1CA,2020.06
BDCQ.SF8PP1CA,2020.09
BDCQ.SF8PP1CA,2020.12
BDCQ.SF8PP1CA,2021.03
BDCQ.SF8QQ1CA,2016.06
BDCQ.SF8QQ1CA,2016.09
BDCQ.SF8QQ1CA,2016.12
BDCQ.SF8QQ1CA,2017.03
BDCQ.SF8QQ1CA,2017.06
BDCQ.SF8QQ1CA,2017.09
BDCQ.SF8QQ1CA,2017.12
BDCQ.SF8QQ1CA,2018.03
BDCQ.SF8QQ1CA,2018.06
BDCQ.SF8QQ1CA,2018.09
BDCQ.SF8QQ1CA,2018.12
BDCQ.SF8QQ1CA,2019.03
BDCQ.SF8QQ1CA,2019.06
BDCQ.SF8QQ1CA,2019.09
BDCQ.SF8QQ1CA,2019.12
BDCQ.SF8QQ1CA,2020.03
BDCQ.SF8QQ1CA,2020.06
BDCQ.SF8QQ1CA,2020.09
BDCQ.SF8QQ1CA,2020.12
BDCQ.SF8QQ1CA,2021.03
BDCQ.SF8RS1CA,2016.06
BDCQ.SF8RS1CA,2016.09
BDCQ.SF8RS1CA,2016.12
BDCQ.SF8RS1CA,2017.03
BDCQ.SF8RS1CA,2017.06
BDCQ.SF8RS1CA,2017.09
BDCQ.SF8RS1CA,2017.12
BDCQ.SF8RS1CA,2018.03
BDCQ.SF8RS1CA,2018.06
BDCQ.SF8RS1CA,2018.09
BDCQ.SF8RS1CA,2018.12
BDCQ.SF8RS1CA,2019.03
BDCQ.SF8RS1CA,2019.06
BDCQ.SF8RS1CA,2019.09
BDCQ.SF8RS1CA,2019.12
BDCQ.SF8RS1CA,2020.03
BDCQ.SF8RS1CA,2020.06
BDCQ.SF8RS1CA,2020.09
BDCQ.SF8RS1CA,2020.12
BDCQ.SF8RS1CA,2021.03
BDCQ.SF8RS2CA,2016.06
BDCQ.SF8RS2CA,2016.09
BDCQ.SF8RS2CA,2016.12
BDCQ.SF8RS2CA,2017.03
BDCQ.SF8RS2CA,2017.06
BDCQ.SF8RS2CA,2017.09
BDCQ.SF8RS2CA,2017.12
BDCQ.SF8RS2CA,2018.03
BDCQ.SF8RS2CA,2018.06
BDCQ.SF8RS2CA,2018.09
BDCQ.SF8RS2CA,2018.12
BDCQ.SF8RS2CA,2019.03
BDCQ.SF8RS2CA,2019.06
BDCQ.SF8RS2CA,2019.09
BDCQ.SF8RS2CA,2019.12
BDCQ.SF8RS2CA,2020.03
BDCQ.SF8RS2CA,2020.06
BDCQ.SF8RS2CA,2020.09
BDCQ.SF8RS2CA,2020.12
BDCQ.SF8RS2CA,2021.03
